{"stats":{"minecraft:crafted":{"create:wrench":1,"minecraft:iron_nugget":126,"biomesoplenty:pine_planks":24,"minecraft:furnace":8,"minecraft:flint_and_steel":1,"create:mechanical_press":1,"create:millstone":1,"farmersdelight:rice":4,"minecraft:chest":2,"biomesoplenty:pine_trapdoor":4,"create:basin":1,"create:cogwheel":4,"create:depot":3,"create:andesite_alloy":63,"create:hand_crank":5,"minecraft:crafting_table":1,"create:goggles":2,"minecraft:copper_ingot":86,"create:mechanical_mixer":1,"create:stressometer":1,"create:speedometer":2,"create:encased_fan":2,"create:whisk":1,"create:water_wheel":1,"minecraft:gold_nugget":27,"minecraft:compass":2,"minecraft:iron_ingot":270,"minecraft:iron_block":1,"create:propeller":2,"create:shaft":8,"create:zinc_ingot":39,"create:empty_blaze_burner":2},"minecraft:used":{"minecraft:flint_and_steel":33,"minecraft:chest":2,"minecraft:netherrack":1,"minecraft:torch":17,"minecraft:dirt":8,"create:mechanical_mixer":2,"create:cogwheel":2,"iceandfire:dragonbone_axe":94,"create:depot":4,"create:speedometer":1,"minecraft:stripped_spruce_log":11,"minecraft:lava_bucket":2,"create:wrench":16,"create:millstone":1,"croptopia:pepper_seed":1,"biomesoplenty:pine_trapdoor":3,"minecraft:bow":2,"minecraft:furnace":8,"minecraft:netherite_pickaxe":4094,"minecraft:water_bucket":1,"minecraft:diorite":28,"create:empty_blaze_burner":1,"inka:capac_armor_helmet":1,"create:blaze_burner":1,"minecraft:stripped_dark_oak_log":2,"create:encased_fan":3,"minecraft:crafting_table":1,"farmersdelight:rice":4,"minecraft:spruce_log":17,"create:mechanical_press":1,"minecraft:stripped_jungle_log":1,"create:water_wheel":1,"croptopia:tomato_seed":12,"irons_spellbooks:keeper_flamberge":253,"create:basin":2,"minecraft:cobblestone":186,"create:goggles":2,"create:stressometer":2,"minecraft:bucket":4,"create:hand_crank":7},"minecraft:dropped":{"minecraft:iron_ingot":10,"minecraft:netherite_pickaxe":1,"minecraft:wheat_seeds":1,"minecraft:cobblestone":3521,"relics:infinity_ham":1,"minecraft:granite":4,"minecraft:copper_ingot":22,"minecraft:dirt":2,"artifacts:lucky_scarf":1,"minecraft:gold_ingot":3,"minecraft:raw_copper":86,"minecraft:wheat":47,"minecraft:stripped_dark_oak_log":2,"enigmaticlegacy:cursed_ring":1,"create:zinc_ingot":39,"minecraft:bow":1,"enigmaticlegacy:enigmatic_amulet":1},"minecraft:mined":{"create:zinc_ore":36,"croptopia:pepper_crop":1,"iceandfire:silver_ore":11,"create:andesite_casing":15,"minecraft:granite":7,"minecraft:allium":2,"minecraft:grass_block":13,"create:depot":1,"create:encased_fan":1,"spanishdelight:wild_garlic":2,"minecraft:spruce_leaves":7,"biomesoplenty:pine_log":22,"minecraft:iron_ore":5,"minecraft:fire":33,"croptopia:corn_crop":1,"croptopia:soybean_crop":1,"biomesoplenty:violet":25,"minecraft:andesite":11,"minecraft:stripped_spruce_log":11,"biomesoplenty:high_grass":36,"minecraft:stone":3725,"festive_delight:cinnamon_bushripe":2,"create:lit_blaze_burner":1,"biomesoplenty:glowworm_silk":1,"minecraft:stripped_dark_oak_log":3,"biomesoplenty:pine_leaves":4,"minecraft:torch":1,"biomesoplenty:high_grass_plant":46,"minecraft:tall_grass":12,"minecraft:copper_ore":30,"minecraft:cobblestone":33,"biomesoplenty:huge_clover_petal":1,"minecraft:diorite":71,"create:basin":1,"minecraft:coarse_dirt":1,"create:mechanical_mixer":1,"minecraft:spruce_log":1,"minecraft:grass":115,"biomesoplenty:clover":1,"minecraft:coal_ore":103,"delightful:mini_melon":6,"create:stressometer":1,"create:hand_crank":2,"minecraft:gravel":51,"minecraft:dirt":5,"minecraft:netherrack":3,"vintagedelight:wild_oats":2,"minecraft:fern":1},"minecraft:killed":{"irons_spellbooks:summoned_zombie":4,"minecraft:spider":6,"minecraft:skeleton":9,"minecraft:pig":1,"irons_spellbooks:necromancer":1,"minecraft:creeper":2,"minecraft:sheep":2,"minecraft:zombie":13,"minecraft:stray":3},"minecraft:custom":{"enigmaticlegacy:play_time_with_seven_curses":0,"minecraft:mob_kills":45,"minecraft:interact_with_crafting_table":49,"minecraft:damage_dealt_resisted":0,"minecraft:leave_game":2,"minecraft:time_since_death":234155,"minecraft:climb_one_cm":1106,"minecraft:damage_resisted":0,"minecraft:sprint_one_cm":537046,"minecraft:walk_one_cm":1124511,"minecraft:drop":194,"minecraft:play_time":234155,"minecraft:sneak_time":3549,"minecraft:walk_under_water_one_cm":1787,"minecraft:jump":1336,"minecraft:walk_on_water_one_cm":396,"minecraft:total_world_time":234155,"minecraft:interact_with_furnace":20,"enigmaticlegacy:play_time_without_seven_curses":234155,"minecraft:sleep_in_bed":1,"minecraft:time_since_rest":192278,"minecraft:damage_taken":1086,"minecraft:damage_absorbed":0,"minecraft:damage_dealt":7208,"minecraft:fly_one_cm":422288,"minecraft:open_chest":60,"minecraft:crouch_one_cm":7726,"tombstone:undead_killed":32,"minecraft:fall_one_cm":48321},"minecraft:picked_up":{"veggiesdelight:cauliflower_seeds":8,"minecraft:wheat":5,"minecraft:allium":1,"simplehats:hatbag_rare":2,"croptopia:grape_seed":21,"croptopia:tomatillo_seed":1,"simplehats:bigribbon":1,"farmersdelight:rice_panicle":4,"biomesoplenty:violet":15,"slavic_delight:cucumber_seeds":5,"minecraft:string":11,"minecraft:raw_copper":172,"vintagedelight:oat_seeds":1,"croptopia:soybean":1,"minecraft:blackstone":21,"irons_spellbooks:arcane_essence":3,"croptopia:tomatillo":1,"croptopia:tomato_seed":14,"culturaldelights:cooked_calamari":1,"create:basin":1,"veggiesdelight:cauliflower":3,"croptopia:pepper_seed":1,"minecraft:light_gray_wool":1,"minecraft:tipped_arrow":2,"minecraft:stick":1,"minecraft:raw_iron":11,"create:mechanical_mixer":1,"croptopia:barley_seed":1,"croptopia:soybean_seed":2,"create:golden_sheet":3,"minecraft:torch":34,"create:andesite_casing":15,"iceandfire:creative_dragon_meal":2,"minecraft:porkchop":3,"croptopia:rhubarb_seed":3,"croptopia:olive_seed":4,"farmersdelight:tomato_seeds":1,"slavic_delight:cucumber":7,"create:hand_crank":2,"tombstone:grave_dust":6,"minecraft:diorite":67,"minecraft:netherite_pickaxe":1,"croptopia:grape":11,"minecraft:arrow":39,"minecraft:rotten_flesh":35,"croptopia:raspberry_seed":3,"croptopia:rhubarb":2,"minecraft:iron_block":30,"create:depot":1,"artifacts:cross_necklace":1,"croptopia:pepper":1,"minecraft:mutton":1,"minecraft:white_wool":1,"minecraft:cobblestone":4808,"croptopia:cauliflower":9,"minecraft:andesite":174,"minecraft:flint":23,"create:raw_zinc":67,"biomesoplenty:pine_log":43,"minecraft:gunpowder":4,"farmersdelight:tomato":4,"minecraft:dirt":26,"croptopia:rice_seed":3,"minecraft:cooked_mutton":2,"croptopia:olive":3,"minecraft:bone":28,"croptopia:corn":1,"croptopia:barley":1,"minecraft:bow":3,"delightful:mini_melon":6,"minecraft:wheat_seeds":9,"croptopia:raspberry":1,"croptopia:pineapple":1,"minecraft:iron_ingot":10,"simplehats:hatbag_uncommon":2,"croptopia:tomato":10,"relics:infinity_ham":1,"iceandfire:dragon_meal":3,"sophisticatedbackpacks:diamond_backpack":1,"biomesoplenty:pine_sapling":1,"spanishdelight:garlic":3,"croptopia:cauliflower_seed":15,"irons_spellbooks:frozen_bone":16,"create:empty_blaze_burner":1,"croptopia:rice":2,"minecraft:gravel":69,"vintagedelight:cucumber":46,"croptopia:hops":3,"minecraft:stripped_spruce_log":11,"minecraft:spruce_sapling":2,"minecraft:spruce_log":1,"minecraft:spider_eye":11,"minecraft:pumpkin_seeds":2,"croptopia:hops_seed":5,"create:encased_fan":1,"croptopia:pineapple_seed":2,"minecraft:granite":4,"minecraft:netherrack":311,"create:stressometer":1,"minecraft:stripped_dark_oak_log":4,"minecraft:coal":168,"iceandfire:raw_silver":23}},"DataVersion":3465}