{"stats":{"minecraft:picked_up":{"croptopia:grape_seed":25,"farmersdelight:rice_panicle":56,"minecraft:enchanted_book":4,"minecraft:polished_blackstone_brick_stairs":1,"minecraft:string":93,"moyai:moyai":6,"irons_spellbooks:archevoker_chestplate":5,"iceandfire:myrmex_desert_resin":3,"enigmaticlegacy:xp_scroll":3,"inka:headclavablock":2,"croptopia:blueberry":2,"croptopia:blackbean":2,"minecraft:acacia_log":3,"minecraft:golden_axe":2,"minecraft:cauldron":2,"enigmaticlegacy:angel_blessing":1,"minecraft:stone_sword":1,"crittersandcompanions:dragonfly_wing":2,"biomesoplenty:palm_log":2,"ars_nouveau:worn_notebook":1,"minecraft:carved_pumpkin":1,"croptopia:elderberry":1,"minecraft:white_terracotta":1,"ars_nouveau:sourceberry_bush":4,"enigmaticlegacy:blazing_core":1,"minecraft:iron_bars":1,"minecraft:snowball":115,"iceandfire:sapphire_gem":5,"minecraft:feather":40,"minecraft:cooked_beef":15,"farmersdelight:rice":3,"simplehats:partyhat":1,"biomesoplenty:fir_sapling":2,"enigmaticlegacy:golem_heart":2,"alexsmobs:bison_fur":2,"minecraft:flint":11,"irons_spellbooks:keeper_flamberge":3,"simplehats:beaniergb":1,"artifacts:flippers":1,"minecraft:lantern":1,"croptopia:eggplant":1,"simplehats:hatbag_epic":9,"iceandfire:armor_gray_boots":6,"simplehats:hatbag_uncommon":21,"minecraft:diamond_helmet":7,"croptopia:roe":4,"minecraft:honeycomb":4,"fruitsdelight:orange":6,"croptopia:turmeric":4,"iceandfire:dragonscales_sapphire":23,"vintagedelight:peanut":26,"iceandfire:dragon_skull_fire":1,"simplehats:beetle_on_head":1,"minecraft:stripped_spruce_log":228,"iceandfire:stymphalian_bird_feather":6,"croptopia:eggplant_seed":2,"minecraft:acacia_stairs":1,"simplehats:summerhat":1,"croptopia:cherry":1,"minecraft:iron_hoe":1,"create:crimsite":1,"iceandfire:crackled_stone":27,"minecraft:granite":115,"alexsmobs:tarantula_hawk_wing_fragment":2,"minecraft:golden_horse_armor":2,"iceandfire:troll_leather_forest":3,"minecraft:light_gray_carpet":2,"iceandfire:raw_silver":8,"croptopia:greenonion":3,"minecraft:crimson_roots":8,"minecraft:diamond_pickaxe":5,"ars_nouveau:red_archwood_log":1,"sophisticatedbackpacks:gold_backpack":2,"minecraft:clay_ball":151,"tombstone:scroll_of_preservation":2,"simplehats:monkeyking":1,"minecraft:iron_shovel":1,"minecraft:flint_and_steel":1,"minecraft:white_carpet":67,"simplehats:baseballhat":3,"iceandfire:dread_knight_sword":3,"minecraft:poppy":1,"minecraft:spruce_slab":26,"simplehats:orange_hat":1,"minecraft:stone":29,"minecraft:raw_gold_block":1,"simplehats:hatbag_common":36,"farmersdelight:minced_beef":12,"croptopia:blackbean_seed":4,"sophisticatedbackpacks:backpack":1,"farmersdelight:tomato_seeds":4,"tconstruct:sky_slime_dirt":13,"iceandfire:deathworm_chitin_white":10,"minecraft:netherite_pickaxe":2,"iceandfire:dragon_skull_ice":4,"minecraft:diamond_chestplate":1,"minecraft:decorated_pot":1,"veggiesdelight:bellpepper_seeds":2,"minecraft:hay_block":14,"croptopia:rhubarb":2,"minecraft:yellow_terracotta":2,"minecraft:totem_of_undying":1,"sophisticatedbackpacks:copper_backpack":1,"minecraft:mutton":47,"biomesoplenty:orange_sand":91,"minecraft:bone_block":1,"iceandfire:sea_serpent_fang":1,"ramadandelight:parsley_seeds":93,"croptopia:glowing_calamari":6,"minecraft:acacia_wood":4,"minecraft:lily_pad":2,"croptopia:leek":1,"minecraft:paper":2,"casualness_delight:raw_potato_bobo_chicken":1,"farmersdelight:cooking_pot":1,"simplehats:mimic_head":2,"croptopia:barley":1,"minecraft:apple":18,"croptopia:squash":1,"croptopia:tomato":7,"tombstone:bag_of_seeds":3,"relics:infinity_ham":3,"artifacts:steadfast_spikes":1,"simplehats:dimmahat":1,"croptopia:honeydew":2,"minecraft:dark_oak_stairs":63,"simplehats:azumanga_hat":1,"iceandfire:copper_nugget":58,"minecraft:milk_bucket":2,"minecraft:red_wool":2,"enigmaticlegacy:enigmatic_amulet":2,"iceandfire:dragonbone_axe":3,"casualness_delight:deep_frying_pan":2,"aquaculture:boulti":1,"biomesoplenty:mahogany_log":4,"croptopia:saguaro":1,"minecraft:slime_ball":133,"minecraft:tide_armor_trim_smithing_template":1,"simplehats:carrotonstick":1,"iceandfire:deathworm_white_leggings":1,"iceandfire:ice_dragon_flesh":11,"simplehats:hosthat":1,"croptopia:zucchini":2,"minecraft:yellow_wool":1,"minecraft:stone_brick_stairs":15,"slavic_delight:cucumber_seeds":20,"rusticdelight:cotton_seeds":5,"minecraft:experience_bottle":31,"simplehats:pohatoe":1,"simplehats:lilbow":1,"alexsmobs:blood_sac":5,"minecraft:red_sand":3,"minecraft:bucket":16,"delightful:acorn":2,"minecraft:rose_bush":8,"minecraft:cobblestone_slab":2,"minecraft:azalea":1,"minecraft:iron_pickaxe":3,"iceandfire:frozen_gravel":2,"minecraft:tipped_arrow":1,"minecraft:birch_trapdoor":2,"croptopia:rutabaga":12,"minecraft:spruce_stairs":5,"ramadandelight:chickpea":1,"simplehats:bigstevehead":1,"minecraft:diorite":231,"fantasyfurniture:furniture_station":3,"minecraft:rotten_flesh":313,"alexsmobs:capsid":2,"create:asurine":70,"alexsmobs:emu_egg":7,"minecraft:mangrove_roots":3,"minecraft:deepslate_brick_stairs":1,"minecraft:cobblestone":2936,"minecraft:andesite":151,"biomesoplenty:glowshroom":1,"minecraft:potato":97,"croptopia:spinach":1,"simplehats:simsgem":1,"create:raw_zinc":39,"minecraft:prismarine_bricks":1,"fruitsdelight:persimmon":2,"croptopia:blueberry_seed":4,"minecraft:dirt":1890,"minecraft:stripped_birch_log":1,"simplehats:demonhorns":1,"minecraft:glass":24,"minecraft:bone":254,"minecraft:bow":12,"minecraft:wheat_seeds":377,"minecraft:mossy_stone_bricks":3,"minecraft:bamboo":2,"minecraft:prismarine":1,"biomesoplenty:toadstool":5,"croptopia:blackberry":5,"croptopia:rice":2,"vintagedelight:cucumber":13,"minecraft:nether_brick_stairs":2,"minecraft:grass_block":280,"minecraft:mossy_cobblestone":10,"iceandfire:dragonegg_red":1,"enigmaticlegacy:golden_ring":1,"croptopia:hops_seed":5,"minecraft:cracked_polished_blackstone_bricks":32,"minecraft:crossbow":1,"minecraft:grass":1,"minecraft:golden_apple":5,"minecraft:emerald":38,"alexsmobs:banana_slug_slime":1,"iceandfire:tide_trident":1,"minecraft:netherrack":511,"iceandfire:silver_nugget":176,"minecraft:azure_bluet":1,"minecraft:splash_potion":1,"minecraft:ladder":12,"minecraft:brown_mushroom":15,"iceandfire:frozen_cobblestone":26,"mowziesmobs:bluff_rod":3,"minecraft:shield":4,"farmersdelight:diamond_knife":1,"iceandfire:frozen_stone":14,"minecraft:blackstone":29,"rusticdelight:calamari":7,"iceandfire:ice_dragon_heart":3,"iceandfire:troll_tusk":3,"iceandfire:deathworm_chitin_red":10,"minecraft:polished_blackstone_bricks":66,"slavic_delight:cucumber":21,"minecraft:weeping_vines":1,"croptopia:cantaloupe_seed":9,"biomesoplenty:orange_sandstone":47,"crittersandcompanions:silk":31,"mowziesmobs:ice_crystal":2,"minecraft:skeleton_skull":2,"minecraft:netherite_boots":1,"brewinandchewin:keg":2,"minecraft:basalt":16,"minecraft:dark_oak_button":1,"minecraft:golden_carrot":103,"simplehats:poofballhat":1,"inventorypets:pet_double_chest":1,"minecraft:leather":28,"minecraft:chainmail_chestplate":4,"iceandfire:dread_stone_bricks_cracked":3,"minecraft:cobblestone_wall":1,"minecraft:gunpowder":18,"simplehats:moreeyes":1,"neapolitan:vanilla_pods":12,"minecraft:orange_terracotta":2,"iceandfire:tide_green_chestplate":3,"minecraft:cooked_mutton":27,"minecraft:red_carpet":136,"minecraft:gray_carpet":4,"minecraft:rabbit_hide":17,"minecraft:spruce_wood":2,"minecraft:iron_ingot":44,"croptopia:raspberry":2,"inka:capac_armor_helmet":3,"iceandfire:fire_dragon_flesh":4,"croptopia:kiwi":4,"iceandfire:crackled_cobblestone":27,"croptopia:cauliflower_seed":9,"biomesoplenty:waterlily":1,"simplehats:chi_ears":1,"minecraft:stone_brick_slab":11,"iceandfire:ash":38,"minecraft:quartz":8,"aquaculture:piranha":14,"casualness_delight:potato_chip":3,"minecraft:gray_banner":2,"minecraft:chainmail_leggings":7,"minecraft:terracotta":6,"minecraft:damaged_anvil":1,"minecraft:netherite_hoe":1,"farmersdelight:stove":1,"iceandfire:chared_gravel":5,"fruitsdelight:mango":1,"iceandfire:dread_stone_bricks":14,"minecraft:iron_chestplate":1,"minecraft:chainmail_boots":1,"minecraft:flower_pot":1,"minecraft:anvil":1,"minecraft:prismarine_shard":25,"simplehats:popehat":1,"croptopia:tomatillo_seed":2,"minecraft:diamond_sword":1,"minecraft:oak_stairs":7,"minecraft:wither_rose":6,"biomesoplenty:violet":7,"croptopia:calamari":1,"minecraft:golden_sword":3,"farmersdelight:cutting_board":4,"iceandfire:manuscript":9,"minecraft:dark_oak_trapdoor":6,"minecraft:soul_soil":4,"minecraft:beetroot":21,"simplehats:topcathat":1,"minecraft:gold_nugget":392,"minecraft:cobbled_deepslate":1023,"bosses_of_mass_destruction:soul_star":5,"minecraft:spruce_planks":9,"brewinandchewin:flaxen_cheese_wedge":4,"minecraft:melon_slice":33,"minecraft:mangrove_log":5,"croptopia:barley_seed":1,"enigmaticlegacy:withered_tome":21,"inka:cut_gold_block":6,"simplehats:crown":1,"minecraft:light_gray_bed":1,"biomesoplenty:rose_quartz_chunk":2,"minecraft:tropical_fish":2,"create:scoria":3,"iceandfire:deathworm_chitin_yellow":1,"croptopia:raspberry_seed":2,"iceandfire:fire_dragon_heart":1,"minecraft:magma_block":4,"minecraft:jungle_log":3,"farmersdelight:bacon":12,"biomesoplenty:fir_log":7,"inka:chiseled_cut_gold_block":3,"iceandfire:dragonegg_sapphire":1,"brewinandchewin:pizza":1,"croptopia:celery":19,"croptopia:kiwi_seed":9,"iceandfire:ice_dragon_blood":1,"inventorypets:pet_crafting_table":1,"biomesoplenty:tiny_cactus":56,"simplehats:easterhead":1,"iceandfire:dragon_meal":10,"croptopia:celery_seed":44,"iceandfire:shiny_scales":13,"minecraft:dark_oak_log":321,"minecraft:trapped_chest":2,"minecraft:red_terracotta":2,"minecraft:barrel":1,"iceandfire:chared_cobblestone":48,"minecraft:bundle":4,"artifacts:crystal_heart":1,"simplehats:cartoonegg":2,"croptopia:leek_seed":1,"minecraft:chainmail_helmet":2,"minecraft:bread":41,"alexsmobs:maggot":2,"iceandfire:gorgon_head":1,"minecraft:dark_oak_fence":13,"inventorypets:nugget_coal":1,"simplehats:rgbfullhelm":1,"minecraft:coarse_dirt":2,"minecraft:crafting_table":7,"iceandfire:witherbone":20,"irons_spellbooks:tarnished_helmet":2,"croptopia:onion":1,"enigmaticlegacy:tattered_tome":1,"simplehats:mohawk":1,"croptopia:saguaro_seed":1,"minecraft:jungle_trapdoor":3,"minecraft:red_bed":1,"minecraft:netherite_scrap":4,"minecraft:cracked_stone_bricks":3,"farmersdelight:beef_patty":1,"minecraft:beef":24,"iceandfire:dread_shard":135,"minecraft:iron_nugget":2,"minecraft:chest":12,"simplehats:vikinghatbeard":3,"minecraft:egg":5,"minecraft:sandstone":42,"simplehats:alienphil":1,"minecraft:spruce_fence":3,"ramadandelight:parsley":53,"minecraft:carrot":213,"minecraft:redstone":68,"minecraft:prismarine_crystals":22,"irons_spellbooks:evocation_rune":1,"vintagedelight:cucumber_seeds":63,"minecraft:cooked_cod":3,"croptopia:strawberry_seed":2,"minecraft:beetroot_seeds":67,"minecraft:diamond_boots":1,"mowziesmobs:umvuthana_mask_bliss":1,"minecraft:gold_ingot":43,"simplehats:eevee_ears":1,"tombstone:essence_of_undeath":3,"minecraft:white_wool":16,"minecraft:stripped_oak_log":2,"vintagedelight:ghost_pepper":1,"minecraft:red_mushroom":20,"minecraft:oak_log":114,"iceandfire:dragonscales_blue":23,"minecraft:white_banner":2,"tombstone:gift":1,"croptopia:rice_seed":2,"simplehats:dragonskull":1,"croptopia:olive":7,"neapolitan:adzuki_beans":15,"minecraft:stone_bricks":132,"mowziesmobs:umvuthana_mask_rage":3,"minecraft:kelp":21,"simplehats:dragonhead":1,"minecraft:glass_bottle":20,"croptopia:elderberry_seed":3,"iceandfire:chared_stone":81,"minecraft:gravel":142,"minecraft:birch_stairs":3,"croptopia:rutabaga_seed":21,"minecraft:spruce_sapling":32,"croptopia:tea_seed":10,"minecraft:spruce_log":850,"fruitsdelight:pear":1,"croptopia:turnip":1,"iceandfire:pixie_house_spruce":2,"minecraft:stone_axe":1,"minecraft:diamond_axe":5,"minecraft:gray_wool":2,"minecraft:stripped_dark_oak_log":10,"minecraft:mangrove_propagule":6,"minecraft:ender_pearl":10,"irons_spellbooks:scroll":4,"iceandfire:deathworm_egg":1,"minecraft:wheat":38,"aquaculture:synodontis":2,"simplehats:hatbag_rare":13,"minecraft:potion":2,"tombstone:grave_key":1,"enigmaticlegacy:enigmatic_eye":1,"iceandfire:armor_gray_leggings":6,"croptopia:cantaloupe":4,"minecraft:raw_copper":265,"minecraft:iron_leggings":2,"irons_spellbooks:arcane_essence":10,"minecraft:calcite":6,"farmersdelight:cabbage_seeds":2,"minecraft:iron_boots":5,"minecraft:furnace":5,"iceandfire:pixie_dust":4,"minecraft:stick":70,"neapolitan:vanilla_fudge":1,"fruitsdelight:kiwi":2,"minecraft:brown_terracotta":6,"minecraft:oak_fence":13,"minecraft:torch":111,"croptopia:blackberry_seed":11,"croptopia:honeydew_seed":4,"minecraft:porkchop":40,"croptopia:olive_seed":5,"vintagedelight:salt_dust":8,"fruitsdelight:lemon":2,"simplehats:ushanka":1,"tombstone:grave_dust":76,"minecraft:pointed_dripstone":5,"slavic_delight:mashed_potatoes":1,"minecraft:cactus":6,"inka:zamponia":2,"alexsdelight:raw_bison":2,"iceandfire:myrmex_desert_chitin":1,"simplehats:mimic_head_gold":1,"minecraft:cod":2,"croptopia:cauliflower":2,"simplehats:frozenhead":2,"simplehats:sunglassesbig":1,"minecraft:magma_cream":2,"delightful:animal_fat":1,"alexsmobs:bear_fur":2,"minecraft:tuff":91,"simplehats:kirbymouthful":1,"minecraft:wither_skeleton_skull":1,"minecraft:lapis_lazuli":186,"spanishdelight:green_pepper":7,"simplehats:sleepeyemask":1,"casualness_delight:potato_slice":1,"culturaldelights:glow_squid":8,"minecraft:leather_boots":2,"irons_spellbooks:hogskin":3,"tconstruct:war_pick":1,"minecraft:deepslate_brick_slab":1,"minecraft:raw_gold":13,"brewinandchewin:pizza_slice":4,"minecraft:oak_planks":7,"aquaculture:atlantic_herring":3,"minecraft:ghast_tear":1,"tconstruct:necrotic_bone":33,"inka:tumi":9,"lendersdelight:raw_deepling_meat":4,"irons_spellbooks:frozen_bone":7,"minecraft:cooked_porkchop":13,"minecraft:jungle_planks":77,"minecraft:sand":69,"bettertridents:trident_fragment":1,"inka:gold_face":2,"enigmaticlegacy:mining_charm":1,"minecraft:diamond":48,"iceandfire:dragonbone_sword_fire":4,"iceandfire:dragon_ice":1,"croptopia:onion_seed":1,"minecraft:white_concrete":3,"minecraft:oak_sapling":22,"biomesoplenty:pink_daffodil":9,"croptopia:zucchini_seed":4,"minecraft:cocoa_beans":1,"minecraft:charcoal":2,"minecraft:allium":1,"minecraft:chicken":13,"iceandfire:fire_lily":1,"biomesoplenty:flesh":5,"simplehats:ladybug_on_head":2,"minecraft:gold_block":11,"minecraft:iron_axe":9,"croptopia:tomatillo":1,"croptopia:tomato_seed":18,"minecraft:player_head":2,"fruitsdelight:fig":4,"minecraft:light_gray_wool":17,"tombstone:tablet_of_assistance":1,"minecraft:sugar_cane":10,"crittersandcompanions:clam":1,"minecraft:phantom_membrane":10,"minecraft:dark_oak_sapling":27,"tconstruct:raw_cobalt":5,"minecraft:raw_iron":187,"iceandfire:dragonbone":122,"minecraft:copper_ingot":2,"minecraft:bowl":1,"iceandfire:creative_dragon_meal":1,"croptopia:rhubarb_seed":5,"tombstone:readable_scroll":1,"croptopia:strawberry":1,"simplehats:right_hand_hat":1,"minecraft:iron_horse_armor":2,"minecraft:dark_oak_planks":104,"croptopia:grape":12,"iceandfire:blindfold":1,"iceandfire:silver_ingot":13,"minecraft:arrow":280,"iceandfire:cyclops_eye":1,"iceandfire:chared_dirt":17,"minecraft:saddle":2,"artifacts:digging_claws":1,"minecraft:salmon":1,"croptopia:greenonion_seed":4,"minecraft:birch_planks":46,"croptopia:tea_leaves":4,"iceandfire:ectoplasm":1,"iceandfire:hydra_heart":1,"tconstruct:swasher":1,"minecraft:cobblestone_stairs":2,"iceandfire:dragon_stick":1,"croptopia:pineapple":1,"brewinandchewin:unripe_flaxen_cheese_wheel":2,"minecraft:acacia_sapling":6,"mowziesmobs:umvuthana_mask_misery":2,"minecraft:soul_sand":6,"sophisticatedbackpacks:diamond_backpack":2,"minecraft:book":351,"minecraft:oak_slab":8,"simplehats:tinkerhat":1,"spanishdelight:garlic":309,"minecraft:pumpkin":60,"croptopia:hops":2,"croptopia:turmeric_seed":7,"minecraft:blast_furnace":1,"minecraft:dark_oak_fence_gate":4,"minecraft:green_carpet":7,"rusticdelight:cotton_boll":1,"minecraft:spider_eye":76,"tombstone:ritual_flute":2,"minecraft:stripped_jungle_log":1,"minecraft:iron_helmet":7,"tombstone:magic_scroll":1,"minecraft:black_wool":2,"minecraft:coal":425},"minecraft:crafted":{"cuisinedelight:plate":16,"farmersdelight:beef_patty":10,"minecraft:stone_brick_stairs":168,"minecraft:wooden_hoe":1,"minecraft:iron_pickaxe":3,"croptopia:cooking_pot":1,"minecraft:iron_nugget":162,"minecraft:lantern":19,"minecraft:spruce_stairs":12,"minecraft:stone_pickaxe":1,"croptopia:milk_bottle":32,"casualness_delight:raw_potato_bobo_chicken":1,"minecraft:iron_shovel":3,"brewinandchewin:keg":1,"aquaculturedelight:rollmops":1,"minecraft:cooked_chicken":5,"minecraft:stone":653,"minecraft:stone_brick_slab":18,"minecraft:chest":16,"rusticdelight:cooking_oil":6,"minecraft:bricks":5,"minecraft:stone_bricks":620,"farmersdelight:stove":1,"minecraft:arrow":28,"minecraft:stick":96,"minecraft:iron_ingot":123,"minecraft:dark_oak_fence_gate":4,"biomesoplenty:palm_planks":8,"minecraft:stone_brick_wall":6,"farmersdelight:pasta_with_meatballs":1,"minecraft:furnace":5,"minecraft:oak_trapdoor":6,"croptopia:guide":1,"create:andesite_alloy":4,"minecraft:stonecutter":1,"minecraft:andesite":76,"minecraft:torch":76,"minecraft:cooked_mutton":15,"minecraft:iron_bars":16,"minecraft:glass":31,"minecraft:glass_bottle":3,"minecraft:wooden_shovel":1,"minecraft:cooked_porkchop":16,"minecraft:campfire":3,"minecraft:light_gray_bed":2,"croptopia:knife":1,"farmersdelight:raw_pasta":4,"minecraft:bone_meal":36,"minecraft:dark_oak_fence":69,"minecraft:ladder":15,"minecraft:spruce_slab":486,"farmersdelight:rice":56,"minecraft:dark_oak_planks":640,"farmersdelight:cooking_pot":1,"slavic_delight:boiled_potatoes":1,"slavic_delight:pusher":1,"brewinandchewin:pizza":1,"delightfulburgers:basic_burger":1,"minecraft:oak_stairs":24,"minecraft:brick":28,"minecraft:oak_planks":432,"minecraft:dark_oak_door":3,"tombstone:grave_key":4,"farmersdelight:tomato_sauce":2,"minecraft:oak_slab":120,"minecraft:crafting_table":6,"minecraft:spruce_planks":296,"minecraft:wooden_pickaxe":1,"minecraft:baked_potato":1,"minecraft:pumpkin_seeds":64,"farmersdelight:skillet":1,"farmersdelight:cutting_board":1,"minecraft:dark_oak_slab":54,"minecraft:stone_sword":1,"minecraft:shears":1,"biomesoplenty:mahogany_planks":16,"festive_delight:rolling_pin":2,"minecraft:dark_oak_trapdoor":30,"casualness_delight:deep_frying_pan":1,"minecraft:jungle_trapdoor":16,"minecraft:glass_pane":64,"minecraft:iron_axe":5,"minecraft:cooked_beef":15,"minecraft:sugar":49,"minecraft:dark_oak_stairs":184,"minecraft:bowl":4,"minecraft:bucket":2,"minecraft:stone_axe":1,"minecraft:air":0,"inventorypets:nugget_coal":56,"minecraft:acacia_planks":8},"minecraft:killed_by":{"minecraft:zombie":1,"iceandfire:fire_dragon":1,"minecraft:vindicator":3,"minecraft:vex":1,"iceandfire:stymphalian_bird":1,"inka:viraicocha":3,"alexsmobs:tasmanian_devil":1,"minecraft:player":2,"irons_spellbooks:necromancer":1,"irons_spellbooks:archevoker":2},"minecraft:dropped":{"biomesoplenty:fir_log":4,"simplehats:dragonhead":1,"minecraft:porkchop":1,"simplehats:ushanka":1,"inka:tumi":8,"minecraft:glass_bottle":16,"tombstone:tablet_of_assistance":1,"minecraft:cracked_stone_bricks":3,"minecraft:red_mushroom":12,"minecraft:emerald":4,"minecraft:gold_block":11,"minecraft:dark_oak_trapdoor":1,"iceandfire:dread_stone_bricks":14,"minecraft:sand":1,"minecraft:dark_oak_planks":6,"minecraft:white_wool":1,"minecraft:stone_axe":1,"irons_spellbooks:blank_rune":1,"minecraft:cobbled_deepslate":236,"minecraft:gray_banner":2,"minecraft:rotten_flesh":86,"minecraft:oak_planks":3,"iceandfire:dragonbone_axe":2,"minecraft:jungle_log":1,"minecraft:leather_boots":1,"iceandfire:deathworm_chitin_white":5,"iceandfire:ice_dragon_blood":1,"minecraft:stone_brick_stairs":2,"brewinandchewin:pizza":1,"minecraft:wheat_seeds":57,"simplehats:crown":1,"minecraft:book":9,"simplehats:dimmahat":1,"iceandfire:dragon_stick":1,"croptopia:olive":4,"inka:gold_face":2,"minecraft:chainmail_leggings":3,"minecraft:lily_pad":1,"croptopia:kiwi":2,"minecraft:acacia_planks":1,"create:raw_zinc":3,"enigmaticlegacy:withered_tome":20,"minecraft:stone_brick_slab":3,"iceandfire:frozen_cobblestone":22,"minecraft:player_head":1,"minecraft:experience_bottle":11,"croptopia:leek_seed":1,"minecraft:white_carpet":7,"iceandfire:troll_leather_forest":1,"simplehats:vikinghatbeard":4,"minecraft:iron_boots":2,"sophisticatedbackpacks:backpack":1,"minecraft:diamond_sword":2,"irons_spellbooks:archevoker_chestplate":4,"simplehats:hatbag_common":6,"minecraft:spruce_planks":2,"minecraft:diamond_pickaxe":4,"inka:capac_armor_helmet":2,"simplehats:ladybug_on_head":1,"minecraft:bamboo":1,"minecraft:stone_bricks":7,"biomesoplenty:orange_sandstone":23,"minecraft:sandstone":6,"minecraft:red_sand":2,"minecraft:bow":4,"simplehats:frozenhead":1,"simplehats:doctorhat":1,"minecraft:ender_pearl":1,"minecraft:leather":1,"minecraft:iron_horse_armor":2,"iceandfire:dread_stone_bricks_cracked":3,"croptopia:tomato_seed":2,"brewinandchewin:pizza_slice":2,"simplehats:beaniergb":1,"minecraft:cracked_polished_blackstone_bricks":32,"tombstone:bag_of_seeds":1,"minecraft:dark_oak_log":13,"minecraft:mutton":2,"minecraft:snowball":25,"simplehats:alienphil":1,"croptopia:calamari":1,"minecraft:cauldron":1,"simplehats:eevee_ears":1,"minecraft:pointed_dripstone":2,"enigmaticlegacy:tattered_tome":1,"iceandfire:frozen_stone":10,"iceandfire:fire_lily":1,"simplehats:topcathat":1,"minecraft:cooked_mutton":1,"sophisticatedbackpacks:diamond_backpack":1,"minecraft:mangrove_log":5,"irons_spellbooks:conjurers_talisman":1,"spanishdelight:garlic":49,"simplehats:traffic_cone":1,"iceandfire:dread_knight_sword":2,"croptopia:tea_seed":3,"inka:cut_gold_block":6,"simplehats:hatbag_epic":1,"minecraft:bread":8,"iceandfire:deathworm_egg":1,"inka:gold_pillar":1,"minecraft:mangrove_propagule":4,"inventorypets:nugget_obsidian":2,"minecraft:activator_rail":2,"minecraft:spruce_stairs":1,"biomesoplenty:violet":2,"irons_spellbooks:scroll":2,"tombstone:grave_key":1,"minecraft:melon_slice":2,"farmersdelight:bacon":1,"minecraft:kelp":5,"simplehats:questbook":2,"simplehats:sunglassesbig":1,"irons_spellbooks:keeper_flamberge":2,"iceandfire:dragonbone_sword_fire":3,"minecraft:stripped_oak_log":1,"delightfulburgers:basic_burger":1,"croptopia:kiwi_seed":6,"iceandfire:chared_cobblestone":21,"minecraft:andesite":64,"minecraft:oak_sapling":10,"minecraft:spruce_log":2,"festive_delight:rolling_pin":1,"casualness_delight:raw_potato_bobo_chicken":2,"fantasyfurniture:furniture_station":1,"iceandfire:armor_gray_boots":5,"simplehats:poofballhat":1,"relics:infinity_ham":3,"irons_spellbooks:tarnished_helmet":2,"minecraft:red_carpet":2,"slavic_delight:pusher":1,"sophisticatedbackpacks:gold_backpack":2,"minecraft:dirt":662,"minecraft:bone_meal":2,"minecraft:iron_pickaxe":1,"simplehats:baseballhat":3,"minecraft:bone":21,"simplehats:hatbag_rare":1,"create:asurine":29,"iceandfire:armor_gray_leggings":5,"simplehats:monkeyking":1,"farmersdelight:tomato_seeds":2,"minecraft:enchanted_book":5,"minecraft:iron_ingot":5,"minecraft:netherite_pickaxe":1,"simplehats:summerhat":1,"minecraft:oak_fence":3,"minecraft:iron_helmet":3,"minecraft:feather":2,"minecraft:cobblestone":1066,"enigmaticlegacy:golem_heart":1,"minecraft:apple":5,"minecraft:granite":40,"minecraft:chainmail_helmet":2,"minecraft:coal":73,"inka:gold_bricks":8,"simplehats:carrotonstick":1,"minecraft:golden_carrot":63,"minecraft:diamond_helmet":5,"minecraft:string":9,"iceandfire:dragon_skull_fire":1,"iceandfire:silver_nugget":6,"simplehats:rgbfullhelm":1,"minecraft:stone_sword":1,"croptopia:blackberry_seed":3,"crittersandcompanions:silk":3,"lendersdelight:raw_deepling_meat":2,"minecraft:potato":59,"minecraft:hay_block":1,"minecraft:stone":1,"minecraft:allium":1,"minecraft:spider_eye":2,"simplehats:tinkerhat":1,"slavic_delight:mashed_potatoes":1,"minecraft:brown_mushroom":4,"minecraft:birch_planks":13,"croptopia:turmeric":1,"minecraft:diamond_axe":4,"minecraft:decorated_pot":1,"iceandfire:chared_dirt":8,"create:crimsite":1,"alexsmobs:bison_fur":2,"enigmaticlegacy:enigmatic_eye":1,"minecraft:polished_blackstone_brick_stairs":1,"simplehats:partyhat":1,"minecraft:polished_blackstone_bricks":33,"enigmaticlegacy:xp_scroll":3,"minecraft:gravel":50,"alexsmobs:capsid":1,"minecraft:blackstone":18,"aquaculturedelight:rollmops":1,"iceandfire:tide_green_chestplate":3,"minecraft:prismarine":1,"minecraft:carrot":32,"inka:chiseled_cut_gold_block":4,"minecraft:chainmail_chestplate":2,"minecraft:gunpowder":4,"minecraft:skeleton_skull":2,"minecraft:chest":1,"minecraft:arrow":94,"minecraft:powered_rail":2,"minecraft:prismarine_bricks":1,"minecraft:netherrack":2,"simplehats:mimic_head":1,"minecraft:mossy_cobblestone":9,"croptopia:guide":1,"simplehats:demonhorns":2,"minecraft:grass_block":226,"minecraft:stick":7,"ars_nouveau:worn_notebook":1,"biomesoplenty:orange_sand":4,"minecraft:diorite":66,"minecraft:torch":1,"tombstone:grave_dust":5,"minecraft:iron_axe":5,"tconstruct:swasher":1,"minecraft:bucket":17,"minecraft:redstone":20,"farmersdelight:pasta_with_meatballs":1,"alexsmobs:maggot":2,"inka:zamponia":1,"minecraft:coarse_dirt":1,"simplehats:cartoonegg":1,"minecraft:tuff":47,"minecraft:shield":3,"minecraft:calcite":2,"enigmaticlegacy:angel_blessing":1,"iceandfire:chared_stone":33},"minecraft:killed":{"iceandfire:gorgon":1,"mowziesmobs:frostmaw":2,"minecraft:guardian":4,"iceandfire:dread_scuttler":9,"minecraft:tropical_fish":2,"iceandfire:myrmex_worker":1,"minecraft:salmon":1,"minecraft:pillager":28,"minecraft:zombie":127,"iceandfire:dread_ghoul":9,"minecraft:evoker":1,"mca:male_zombie_villager":2,"minecraft:endermite":2,"minecraft:vindicator":4,"crittersandcompanions:dragonfly":2,"iceandfire:siren":9,"cataclysm:deepling_angler":2,"minecraft:husk":9,"crittersandcompanions:jumping_spider":1,"alexsmobs:giant_squid":1,"iceandfire:ghost":6,"minecraft:zombified_piglin":7,"minecraft:witch":7,"minecraft:spider":50,"inka:capac":1,"minecraft:bee":2,"minecraft:silverfish":24,"minecraft:piglin_brute":2,"minecraft:piglin":6,"alexsmobs:crimson_mosquito":6,"minecraft:sheep":19,"minecraft:trader_llama":2,"minecraft:ghast":1,"inka:headclava":1,"iceandfire:pixie":2,"mowziesmobs:umvuthana_raptor":1,"minecraft:vex":3,"alexsmobs:tasmanian_devil":1,"minecraft:slime":90,"alexsmobs:blue_jay":2,"minecraft:drowned":4,"crittersandcompanions:otter":1,"aquaculture:atlantic_cod":1,"crittersandcompanions:shima_enaga":1,"minecraft:wither_skeleton":18,"minecraft:cave_spider":4,"alexsmobs:enderiophage":4,"minecraft:dolphin":3,"iceandfire:stymphalian_bird":5,"minecraft:skeleton":103,"alexsmobs:capuchin_monkey":1,"minecraft:chicken":14,"alexsmobs:laviathan":1,"mowziesmobs:foliaath":1,"minecraft:magma_cube":2,"cataclysm:deepling":1,"minecraft:cow":17,"aquaculture:boulti":1,"iceandfire:dread_beast":11,"iceandfire:dread_knight":29,"alexsmobs:tusklin":2,"alexsmobs:guster":2,"ars_nouveau:starbuncle":1,"minecraft:wandering_trader":1,"aquaculture:synodontis":2,"minecraft:enderman":2,"mowziesmobs:bluff":2,"crittersandcompanions:leaf_insect":4,"alexsmobs:banana_slug":1,"aquaculture:atlantic_herring":3,"irons_spellbooks:summoned_skeleton":5,"artifacts:mimic":1,"aquaculture:bayad":1,"minecraft:pig":15,"irons_spellbooks:necromancer":7,"minecraft:creeper":14,"cataclysm:deepling_brute":1,"minecraft:stray":1,"alexsmobs:fly":1,"alexsmobs:dropbear":1,"irons_spellbooks:summoned_zombie":6,"alexsmobs:tarantula_hawk":1,"minecraft:phantom":5,"iceandfire:dread_thrall":21,"iceandfire:fire_dragon":4,"alexsmobs:bison":1,"cataclysm:lionfish":1,"alexsmobs:flying_fish":1,"mowziesmobs:umvuthana":4,"iceandfire:troll":1,"mowziesmobs:umvuthana_follower_raptor":5},"minecraft:custom":{"minecraft:interact_with_crafting_table":222,"minecraft:damage_blocked_by_shield":442,"minecraft:play_time":2379882,"minecraft:deaths":24,"minecraft:jump":31967,"tombstone:undead_killed":435,"minecraft:horse_one_cm":281588,"minecraft:interact_with_anvil":1,"tombstone:rite_of_silent_bond":4,"tombstone:raider_killed":47,"minecraft:time_since_rest":9739,"minecraft:swim_one_cm":384914,"minecraft:open_chest":964,"minecraft:damage_resisted":0,"minecraft:talked_to_villager":3,"minecraft:interact_with_brewingstand":1,"minecraft:damage_dealt_resisted":581,"minecraft:raid_win":1,"minecraft:boat_one_cm":47420,"minecraft:damage_taken":39377,"minecraft:open_barrel":146,"minecraft:bell_ring":1,"minecraft:leave_game":34,"minecraft:time_since_death":245343,"tombstone:tomb_raiding":1,"tombstone:elyra_diary":4,"minecraft:interact_with_furnace":200,"minecraft:sleep_in_bed":64,"minecraft:damage_dealt":151219,"waystones:waystone_activated":1,"minecraft:damage_dealt_absorbed":326,"minecraft:sneak_time":16818,"minecraft:total_world_time":2379882,"enigmaticlegacy:play_time_without_seven_curses":2376258,"minecraft:interact_with_stonecutter":3,"minecraft:fly_one_cm":6092462,"minecraft:fall_one_cm":936901,"enigmaticlegacy:play_time_with_seven_curses":0,"minecraft:animals_bred":4,"minecraft:sprint_one_cm":6535275,"minecraft:drop":545,"minecraft:walk_on_water_one_cm":158640,"minecraft:crouch_one_cm":37786,"minecraft:mob_kills":895,"minecraft:climb_one_cm":35107,"minecraft:walk_one_cm":6922644,"minecraft:walk_under_water_one_cm":307612,"minecraft:raid_trigger":1,"minecraft:damage_absorbed":139,"minecraft:trigger_trapped_chest":4},"minecraft:broken":{"minecraft:diamond_helmet":1,"minecraft:iron_pickaxe":2,"minecraft:iron_shovel":3,"minecraft:stone_axe":1,"iceandfire:deathworm_white_leggings":1,"minecraft:iron_boots":1,"minecraft:iron_chestplate":1,"minecraft:iron_axe":7,"minecraft:iron_helmet":1,"minecraft:flint_and_steel":1},"minecraft:mined":{"iceandfire:dread_torch":2,"iceandfire:copper_pile":2,"minecraft:granite":111,"minecraft:acacia_log":3,"minecraft:light_gray_bed":1,"spanishdelight:wild_garlic":91,"minecraft:spawner":14,"minecraft:polished_blackstone_bricks":59,"minecraft:magma_block":15,"biomesoplenty:tall_lavender":1,"fruitsdelight:pear_leaves":3,"minecraft:dark_oak_trapdoor":5,"minecraft:fire":195,"minecraft:barrel":1,"brewinandchewin:unripe_flaxen_cheese_wheel":2,"fruitsdelight:blueberry_bush":1,"minecraft:deepslate_lapis_ore":10,"iceandfire:gold_pile":6,"minecraft:green_carpet":5,"farmersdelight:rice_panicles":1,"iceandfire:dread_stone_bricks_cracked":12,"minecraft:player_head":1,"minecraft:jungle_trapdoor":3,"slavic_delight:cucumber_crop":5,"biomesoplenty:tiny_cactus":68,"minecraft:kelp_plant":15,"minecraft:crimson_nylium":9,"ars_nouveau:light_block":3,"minecraft:powder_snow":140,"croptopia:turnip_crop":1,"minecraft:torch":17,"minecraft:melon":1,"minecraft:dead_bush":19,"biomesoplenty:tall_white_lavender":6,"minecraft:sugar_cane":9,"minecraft:white_terracotta":1,"croptopia:zucchini_crop":2,"minecraft:jungle_wood":10,"croptopia:cauliflower_crop":4,"biomesoplenty:glowworm_silk_strand":1,"minecraft:pitcher_plant":1,"minecraft:grass":1070,"croptopia:rice_crop":1,"minecraft:deepslate":1667,"create:zinc_ore":3,"minecraft:dark_prismarine":3,"minecraft:mossy_cobblestone":10,"farmersdelight:wild_carrots":15,"minecraft:dark_oak_log":331,"minecraft:sea_lantern":1,"minecraft:dark_oak_fence":1,"vintagedelight:ghost_pepper_crop":1,"minecraft:spruce_fence":3,"rusticdelight:wild_cotton":7,"minecraft:redstone_ore":5,"minecraft:waxed_oxidized_cut_copper":1,"iceandfire:chared_gravel":5,"minecraft:andesite":150,"biomesoplenty:flesh":6,"minecraft:cobblestone_slab":2,"minecraft:vine":3,"biomesoplenty:porous_flesh":1,"minecraft:oak_slab":8,"minecraft:birch_stairs":3,"minecraft:glass_pane":2,"minecraft:soul_sand":6,"minecraft:dandelion":2,"minecraft:campfire":1,"minecraft:tall_grass":90,"minecraft:copper_ore":35,"croptopia:blackbean_crop":3,"minecraft:deepslate_gold_ore":8,"minecraft:diorite":185,"croptopia:olive_crop":4,"croptopia:leek_crop":1,"minecraft:red_terracotta":5,"minecraft:coarse_dirt":11,"minecraft:trapped_chest":1,"minecraft:cobblestone_wall":1,"minecraft:stripped_spruce_wood":3,"brewinandchewin:keg":2,"minecraft:mangrove_leaves":4,"vintagedelight:wild_peanuts":8,"iceandfire:silver_pile":1,"minecraft:gravel":121,"croptopia:rutabaga_crop":13,"minecraft:cobweb":75,"minecraft:brown_terracotta":6,"minecraft:stone_bricks":130,"minecraft:fern":128,"biomesoplenty:glowshroom":1,"minecraft:farmland":8,"minecraft:orange_wool":7,"biomesoplenty:red_maple_leaves":2,"minecraft:budding_amethyst":1,"minecraft:cracked_polished_blackstone_bricks":34,"minecraft:white_concrete":3,"iceandfire:dread_spawner":16,"minecraft:gilded_blackstone":1,"farmersdelight:wild_rice":1,"farmersdelight:rice":2,"croptopia:tea_crop":4,"create:asurine":48,"ars_nouveau:red_archwood_log":2,"minecraft:pointed_dripstone":3,"iceandfire:pixie_house_spruce":2,"minecraft:spruce_slab":22,"iceandfire:chared_cobblestone":70,"minecraft:deepslate_redstone_ore":11,"croptopia:eggplant_crop":1,"minecraft:orange_terracotta":5,"iceandfire:fire_lily":1,"minecraft:nether_quartz_ore":8,"minecraft:oak_planks":8,"minecraft:wall_torch":5,"minecraft:cauldron":1,"minecraft:warped_nylium":11,"biomesoplenty:huge_lily_pad":1,"iceandfire:dread_stone_bricks_mossy":2,"tconstruct:earth_sky_slime_grass":3,"minecraft:oak_log":115,"minecraft:beetroots":23,"minecraft:dirt":476,"structure_gel:dynamic_spawner":2,"biomesoplenty:white_lavender":2,"iceandfire:dread_stone_bricks":10,"biomesoplenty:glowing_moss_block":1,"minecraft:dark_oak_leaves":14,"iceandfire:frozen_cobblestone":7,"minecraft:mangrove_roots":3,"create_central_kitchen:pumpkin_pie":1,"minecraft:glow_lichen":3,"minecraft:ladder":1,"minecraft:chiseled_bookshelf":1,"iceandfire:chared_dirt":1,"minecraft:birch_slab":2,"minecraft:spruce_leaves":107,"iceandfire:dragon_ice":1,"biomesoplenty:tundra_shrub":4,"iceandfire:chared_grass":1,"minecraft:hay_block":16,"croptopia:barley_crop":1,"minecraft:nether_sprouts":1,"minecraft:gray_wall_banner":1,"minecraft:gold_block":15,"croptopia:squash_crop":1,"minecraft:bookshelf":133,"minecraft:deepslate_iron_ore":96,"crittersandcompanions:silk_cocoon":8,"minecraft:stripped_oak_log":2,"croptopia:greenonion_crop":2,"minecraft:acacia_leaves":3,"minecraft:snow_block":34,"minecraft:stripped_dark_oak_log":18,"minecraft:basalt":23,"minecraft:oak_fence":6,"biomesoplenty:huge_clover_petal":57,"minecraft:polished_blackstone_brick_stairs":3,"minecraft:prismarine_bricks":1,"minecraft:birch_planks":4,"biomesoplenty:mahogany_log":4,"minecraft:ice":14,"iceandfire:ash":9,"croptopia:yam_crop":1,"minecraft:bee_nest":1,"minecraft:black_wool":3,"minecraft:cocoa":1,"biomesoplenty:fir_leaves":23,"neapolitan:vanilla_vine_plant":1,"croptopia:kiwi_crop":4,"minecraft:cracked_stone_bricks":3,"vintagedelight:wild_cucumbers":30,"minecraft:stripped_acacia_wood":1,"minecraft:mossy_stone_bricks":3,"vintagedelight:wild_oats":3,"minecraft:dark_oak_planks":25,"croptopia:grape_crop":13,"minecraft:jungle_leaves":16,"minecraft:carved_pumpkin":1,"minecraft:red_sand":6,"minecraft:jungle_log":4,"minecraft:coal_block":1,"biomesoplenty:orange_sandstone":15,"croptopia:honeydew_crop":1,"biomesoplenty:palm_log":2,"minecraft:weeping_vines_plant":1,"minecraft:tall_seagrass":9,"biomesoplenty:lavender":1,"tconstruct:cobalt_ore":4,"biomesoplenty:violet":15,"minecraft:pumpkin":64,"minecraft:moss_carpet":5,"biomesoplenty:flesh_tendons":1,"minecraft:dirt_path":1,"minecraft:oak_stairs":11,"minecraft:deepslate_brick_stairs":1,"create:limestone":13,"minecraft:brown_mushroom":10,"minecraft:red_bed":1,"biomesoplenty:glowworm_silk":1,"minecraft:soul_fire":10,"biomesoplenty:black_sandstone":1,"create:scoria":6,"croptopia:raspberry_crop":3,"iceandfire:crackled_stone":20,"croptopia:pineapple_crop":2,"minecraft:wheat":41,"croptopia:tomatillo_crop":2,"diagonalwindows:minecraft/iron_bars":1,"biomesoplenty:large_rose_quartz_bud":5,"croptopia:vanilla_crop":1,"minecraft:stone_brick_stairs":13,"fruitsdelight:fig_leaves":6,"minecraft:yellow_terracotta":3,"biomesoplenty:watergrass":6,"iceandfire:silver_ore":9,"biomesoplenty:desert_grass":4,"minecraft:stripped_birch_log":1,"minecraft:allium":1,"minecraft:jungle_planks":1,"neapolitan:adzuki_sprouts":8,"minecraft:crimson_roots":8,"iceandfire:deepslate_silver_ore":1,"minecraft:kelp":12,"minecraft:moss_block":2,"biomesoplenty:dune_grass":20,"croptopia:ginger_crop":1,"minecraft:snow":115,"minecraft:acacia_wood":6,"minecraft:potatoes":31,"croptopia:rhubarb_crop":2,"biomesoplenty:high_grass":339,"croptopia:elderberry_crop":3,"fruitsdelight:apple_leaves":3,"minecraft:light_gray_carpet":1,"minecraft:hanging_roots":2,"minecraft:brown_carpet":1,"minecraft:stone_brick_slab":9,"iceandfire:frozen_gravel":2,"minecraft:emerald_ore":4,"iceandfire:dread_stone_stairs":2,"biomesoplenty:high_grass_plant":675,"minecraft:big_dripleaf":1,"croptopia:spinach_crop":1,"slavic_delight:wild_cucumbers":13,"fruitsdelight:kiwi_leaves":11,"minecraft:spruce_log":883,"minecraft:birch_leaves":22,"minecraft:jungle_fence":1,"croptopia:celery_crop":20,"croptopia:saguaro_crop":1,"croptopia:blackberry_crop":6,"biomesoplenty:stringy_cobweb":1,"minecraft:spruce_fence_gate":2,"croptopia:cantaloupe_crop":6,"create:deepslate_zinc_ore":21,"minecraft:spruce_planks":18,"iceandfire:graveyard_soil":1,"minecraft:jungle_slab":3,"croptopia:strawberry_crop":3,"minecraft:grass_block":775,"moyai:moyai":6,"minecraft:soul_soil":4,"ars_nouveau:sourceberry_bush":6,"iceandfire:crackled_cobblestone":24,"croptopia:cherry_crop":1,"minecraft:iron_ore":59,"minecraft:azure_bluet":2,"minecraft:dark_oak_stairs":67,"diagonalfences:minecraft/dark_oak_fence":13,"spanishdelight:wild_green_pepper":5,"tconstruct:sky_slime_dirt":10,"minecraft:blackstone":17,"minecraft:clay":49,"iceandfire:dragon_ice_spikes":3,"minecraft:calcite":31,"minecraft:chest":14,"iceandfire:frozen_dirt":4,"minecraft:mushroom_stem":1,"minecraft:cobblestone":29,"minecraft:prismarine":1,"ars_nouveau:red_archwood_leaves":6,"minecraft:deepslate_copper_ore":6,"minecraft:seagrass":11,"casualness_delight:deep_frying_pan":2,"farmersdelight:cutting_board":3,"minecraft:birch_trapdoor":2,"biomesoplenty:hair":1,"minecraft:light_gray_wool":6,"biomesoplenty:waterlily":1,"biomesoplenty:clover":173,"minecraft:sand":34,"minecraft:netherrack":645,"create:crimsite":1,"minecraft:oak_leaves":210,"iceandfire:chared_stone":74,"minecraft:nether_gold_ore":5,"minecraft:diamond_ore":6,"minecraft:red_carpet":3,"minecraft:tuff":215,"minecraft:deepslate_diamond_ore":11,"fantasyfurniture:furniture_station":2,"biomesoplenty:bush":24,"iceandfire:frozen_stone":9,"fruitsdelight:orange_leaves":9,"minecraft:weeping_vines":3,"minecraft:mangrove_propagule":1,"minecraft:sandstone":25,"minecraft:large_fern":36,"minecraft:deepslate_brick_slab":1,"minecraft:furnace":5,"minecraft:carrots":25,"biomesoplenty:toadstool":3,"vintagedelight:salt":9,"ramadandelight:wild_parsley":8,"minecraft:dark_oak_fence_gate":4,"croptopia:blueberry_crop":6,"minecraft:stripped_spruce_log":229,"biomesoplenty:sea_oats":27,"minecraft:lantern":1,"minecraft:stripped_jungle_log":1,"minecraft:packed_ice":104,"minecraft:stone":2028,"biomesoplenty:spider_egg":2,"farmersdelight:cooking_pot":1,"biomesoplenty:orange_sand":66,"minecraft:crafting_table":6,"minecraft:rose_bush":20,"biomesoplenty:sprout":1,"minecraft:lapis_ore":16,"minecraft:spruce_stairs":4,"minecraft:cactus":6,"croptopia:plum_crop":1,"biomesoplenty:pink_daffodil":21,"croptopia:tomato_crop":7,"croptopia:hops_crop":4,"croptopia:turmeric_crop":4,"minecraft:coal_ore":216,"farmersdelight:stove":1,"minecraft:terracotta":8},"minecraft:used":{"iceandfire:dragon_skull_ice":1,"minecraft:rotten_flesh":23,"iceandfire:dragonbone_axe":1087,"minecraft:snowball":28,"croptopia:rutabaga_seed":9,"minecraft:dark_oak_slab":23,"croptopia:blackbean_seed":4,"veggiesdelight:bellpepper_seeds":2,"croptopia:cauliflower_seed":9,"minecraft:bow":609,"iceandfire:chared_stone":12,"minecraft:oak_sapling":1,"iceandfire:frozen_cobblestone":4,"minecraft:damaged_anvil":1,"minecraft:blackstone":4,"minecraft:wooden_pickaxe":23,"irons_spellbooks:tarnished_helmet":1,"minecraft:golden_apple":4,"minecraft:diamond_sword":324,"minecraft:oak_trapdoor":6,"minecraft:torch":128,"croptopia:rhubarb_seed":3,"croptopia:strawberry_seed":2,"iceandfire:dragonegg_sapphire":1,"minecraft:barrel":1,"minecraft:basalt":15,"festive_delight:rolling_pin":2,"farmersdelight:tomato_seeds":4,"minecraft:birch_planks":15,"iceandfire:crackled_stone":20,"neapolitan:adzuki_beans":7,"ramadandelight:parsley_seeds":14,"minecraft:red_bed":1,"brewinandchewin:keg":3,"minecraft:campfire":2,"croptopia:celery_seed":15,"minecraft:spruce_log":709,"minecraft:diamond_pickaxe":6135,"fantasyfurniture:furniture_station":2,"minecraft:potion":2,"minecraft:porkchop":1,"minecraft:cooked_porkchop":19,"minecraft:jungle_planks":1,"minecraft:spruce_wood":14,"minecraft:lantern":7,"iceandfire:blindfold":1,"minecraft:dark_oak_sapling":9,"slavic_delight:cucumber_seeds":16,"minecraft:stone_pickaxe":138,"minecraft:diamond_axe":1177,"croptopia:honeydew_seed":4,"croptopia:olive_seed":5,"minecraft:crossbow":3,"minecraft:dark_oak_log":24,"minecraft:bread":82,"vintagedelight:ghost_pepper_seeds":1,"tombstone:grave_key":4,"iceandfire:dragonegg_red":1,"minecraft:bone_meal":36,"minecraft:flint_and_steel":64,"croptopia:cantaloupe_seed":9,"minecraft:cooked_chicken":5,"minecraft:dirt":991,"minecraft:iron_hoe":247,"vintagedelight:cucumber_seeds":33,"minecraft:oak_stairs":7,"minecraft:netherite_pickaxe":7,"croptopia:turmeric_seed":3,"croptopia:squash":1,"casualness_delight:deep_frying_pan":3,"minecraft:cooked_beef":24,"minecraft:light_gray_bed":2,"minecraft:cobblestone_stairs":2,"farmersdelight:skillet":5,"croptopia:rice_seed":2,"brewinandchewin:unripe_flaxen_cheese_wheel":3,"bosses_of_mass_destruction:soul_star":1,"croptopia:squash_seed":2,"minecraft:wooden_hoe":64,"minecraft:chicken":1,"iceandfire:ash":2,"minecraft:stone_axe":137,"croptopia:barley_seed":1,"refurbished_furniture:workbench":1,"croptopia:kiwi":2,"alexsmobs:animal_dictionary":1,"minecraft:spruce_slab":299,"minecraft:ladder":14,"minecraft:chest":20,"minecraft:stripped_spruce_log":183,"minecraft:grass_block":54,"minecraft:stone_brick_stairs":179,"minecraft:furnace":10,"minecraft:egg":2,"minecraft:potato":1,"veggiesdelight:cauliflower_seeds":4,"fruitsdelight:orange":2,"minecraft:diorite":18,"croptopia:tomatillo_seed":2,"croptopia:tomato":1,"minecraft:dark_oak_trapdoor":33,"minecraft:sand":6,"farmersdelight:rice":6,"minecraft:pumpkin_seeds":18,"minecraft:dark_oak_fence":61,"minecraft:iron_bars":12,"minecraft:stone_sword":154,"minecraft:acacia_log":1,"minecraft:netherrack":114,"minecraft:jungle_trapdoor":17,"croptopia:raspberry":1,"minecraft:iron_axe":2090,"farmersdelight:cooking_pot":2,"minecraft:acacia_wood":2,"tombstone:gift":9,"minecraft:cobbled_deepslate":9,"croptopia:raspberry_seed":2,"croptopia:grape":3,"minecraft:water_bucket":76,"minecraft:polished_blackstone_bricks":6,"minecraft:mossy_cobblestone":1,"minecraft:oak_slab":8,"minecraft:crafting_table":12,"minecraft:cod":1,"minecraft:dark_oak_fence_gate":8,"minecraft:oak_log":2,"iceandfire:dragonbone_sword_fire":1316,"minecraft:iron_pickaxe":669,"minecraft:cobblestone":141,"minecraft:glass_pane":23,"iceandfire:tide_trident":190,"brewinandchewin:pizza_slice":1,"minecraft:iron_shovel":803,"farmersdelight:stove":2,"minecraft:shield":34,"minecraft:iron_sword":178,"tombstone:scroll_of_preservation":2,"minecraft:carrot":142,"minecraft:milk_bucket":3,"minecraft:stone_bricks":454,"farmersdelight:cutting_board":5,"minecraft:dark_oak_stairs":233,"minecraft:stone_brick_wall":1,"minecraft:shears":1,"minecraft:melon_slice":24,"croptopia:hops_seed":4,"minecraft:gravel":3,"croptopia:blackberry":1,"minecraft:andesite":1,"croptopia:pineapple_seed":1,"farmersdelight:diamond_knife":15,"minecraft:spruce_planks":6,"croptopia:blueberry":1,"minecraft:spruce_stairs":10,"minecraft:dark_oak_planks":111,"minecraft:stone_brick_slab":14,"biomesoplenty:orange_sand":3,"croptopia:grape_seed":25,"vintagedelight:ghost_pepper":6,"minecraft:golden_carrot":40,"spanishdelight:garlic":21,"croptopia:eggplant_seed":2,"minecraft:cooked_mutton":15,"iceandfire:fire_dragon_flesh":3,"croptopia:tea_seed":2,"minecraft:stonecutter":1,"croptopia:cherry":1,"minecraft:dark_oak_door":1,"minecraft:book":5,"minecraft:apple":9,"croptopia:tomato_seed":11,"irons_spellbooks:keeper_flamberge":1126,"minecraft:white_banner":1,"minecraft:bucket":79}},"DataVersion":3465}