{"stats":{"minecraft:killed_by":{"minecraft:skeleton":1,"minecraft:vindicator":1,"minecraft:vex":1,"irons_spellbooks:necromancer":1,"irons_spellbooks:archevoker":1},"minecraft:crafted":{"enigmaticlegacy:mining_charm":1,"minecraft:blaze_powder":8,"minecraft:chain":3,"iceandfire:dragonscales_electric":9,"iceandfire:dragonforge_lightning_input":1,"minecraft:diamond_helmet":2,"sophisticatedbackpacks:copper_backpack":2,"explorerscompass:explorerscompass":1,"iceandfire:deathworm_red_leggings":1,"inventorypets:nugget_obsidian":9,"irons_spellbooks:scroll":2,"enigmaticlegacy:forbidden_axe":1,"minecraft:smithing_table":1,"minecraft:golden_pickaxe":1,"iceandfire:wither_shard":60,"iceandfire:tide_green_helmet":1,"minecraft:stone_slab":6,"minecraft:iron_pickaxe":1,"minecraft:netherite_ingot":5,"sophisticatedbackpacks:netherite_backpack":2,"minecraft:golden_carrot":57,"iceandfire:deathworm_white_leggings":1,"minecraft:iron_nugget":289,"iceandfire:dragonbone_sword_fire":2,"minecraft:experience_bottle":32,"sophisticatedbackpacks:stack_upgrade_tier_1":1,"minecraft:soul_torch":4,"inventorypets:pet_crafting_table":1,"refurbished_furniture:workbench":1,"minecraft:stone_pickaxe":1,"iceandfire:chain":1,"iceandfire:dragonbone_sword":2,"minecraft:enchanting_table":1,"iceandfire:dragonforge_fire_input":1,"sophisticatedbackpacks:gold_backpack":4,"minecraft:enchanted_book":2,"minecraft:soul_lantern":1,"tombstone:grave_plate":3,"minecraft:iron_shovel":3,"minecraft:grindstone":1,"sophisticatedstorage:gold_chest":12,"minecraft:cooked_chicken":6,"minecraft:stone":161,"enigmaticlegacy:enchantment_transposer":2,"minecraft:stone_brick_slab":24,"enigmaticlegacy:monster_charm":1,"minecraft:chest":7,"minecraft:copper_block":36,"minecraft:bricks":4,"minecraft:stone_bricks":156,"farmersdelight:stove":1,"sophisticatedstorage:netherite_chest":4,"minecraft:iron_helmet":4,"tombstone:decorative_grave_simple":1,"sophisticatedbackpacks:upgrade_base":2,"sophisticatedbackpacks:diamond_backpack":4,"minecraft:stick":220,"minecraft:iron_ingot":380,"irons_spellbooks:evocation_rune":1,"iceandfire:dragonscale_electric":31,"iceandfire:dragon_stick":1,"sophisticatedstorage:iron_chest":14,"minecraft:furnace":4,"iceandfire:tide_green_chestplate":1,"minecraft:flint_and_steel":1,"irons_spellbooks:scroll_forge":1,"enigmaticlegacy:thicc_scroll":1,"minecraft:music_disc_mellohi":1,"minecraft:iron_sword":1,"minecraft:mangrove_planks":4,"minecraft:jungle_planks":568,"sophisticatedstorage:chest":14,"minecraft:white_dye":1,"tombstone:dark_marble":7,"minecraft:anvil":1,"minecraft:stonecutter":1,"minecraft:torch":368,"iceandfire:dragonbone_axe":2,"irons_spellbooks:holy_rune":1,"fantasyfurniture:furniture_station":1,"minecraft:slime_block":1,"minecraft:bookshelf":16,"minecraft:cooked_mutton":4,"minecraft:glass":66,"minecraft:diamond_leggings":2,"mermod:sea_crystal":4,"iceandfire:dragonbone_arrow":300,"minecraft:gray_bed":1,"minecraft:glass_bottle":66,"iceandfire:armor_gray_boots":2,"minecraft:emerald":45,"minecraft:diamond_axe":3,"minecraft:copper_ingot":437,"minecraft:campfire":1,"irons_spellbooks:arcane_anvil":1,"enigmaticlegacy:golden_ring":2,"minecraft:compass":1,"minecraft:iron_block":71,"minecraft:gold_ingot":414,"tombstone:book_of_disenchantment":7,"iceandfire:dragonforge_ice_brick":4,"minecraft:bone_meal":135,"iceandfire:dragonscale_gray":18,"enigmaticlegacy:iron_ring":2,"minecraft:diamond":72,"minecraft:spruce_slab":18,"minecraft:diamond_boots":2,"minecraft:redstone_block":1,"minecraft:dark_oak_planks":188,"minecraft:golden_helmet":1,"minecraft:wheat":441,"minecraft:crossbow":3,"irons_spellbooks:keeper_flamberge":1,"minecraft:netherite_pickaxe":1,"minecraft:red_bed":2,"minecraft:glowstone":1,"minecraft:golden_apple":8,"minecraft:iron_leggings":3,"minecraft:white_bed":2,"iceandfire:dragonforge_fire_brick":32,"minecraft:golden_hoe":1,"minecraft:brick":16,"minecraft:oak_planks":256,"sophisticatedstorage:stack_upgrade_tier_1_plus":3,"nightlights:hanging_lights_default":12,"enigmaticlegacy:xp_scroll":1,"iceandfire:dragonbone_shovel":1,"iceandfire:deathworm_gauntlet_red":1,"minecraft:dark_oak_boat":2,"enigmaticlegacy:infinimeal":1,"usefulslime:slime_sling":1,"minecraft:iron_boots":4,"tombstone:grave_key":1,"iceandfire:dragonscale_copper":10,"minecraft:netherite_upgrade_smithing_template":12,"sophisticatedstorage:diamond_chest":10,"minecraft:item_frame":3,"minecraft:oak_slab":6,"sophisticatedbackpacks:backpack":4,"minecraft:crafting_table":13,"iceandfire:blindfold":2,"minecraft:spruce_planks":196,"minecraft:wooden_pickaxe":1,"iceandfire:dragonscale_white":5,"minecraft:gold_block":60,"iceandfire:dragonbone_bow":1,"biomesoplenty:fir_planks":20,"minecraft:iron_chestplate":3,"minecraft:paper":48,"irons_spellbooks:archevoker_chestplate":2,"minecraft:diamond_pickaxe":2,"minecraft:shield":4,"iceandfire:dragonscale_bronze":4,"minecraft:redstone_torch":14,"nightlights:fairy_lights_default":6,"iceandfire:dragonforge_fire_core_disabled":1,"irons_spellbooks:magic_cloth":16,"minecraft:coal":13,"iceandfire:armor_gray_leggings":2,"iceandfire:dragonscale_green":2,"sophisticatedbackpacks:stack_upgrade_starter_tier":3,"irons_spellbooks:common_ink":67,"minecraft:diamond_block":8,"minecraft:polished_deepslate":8,"minecraft:iron_axe":13,"sophisticatedbackpacks:stack_upgrade_tier_2":1,"iceandfire:dragon_bone_block":4,"minecraft:netherite_scrap":21,"sophisticatedbackpacks:iron_backpack":4,"minecraft:cooked_beef":15,"iceandfire:dragonscale_red":16,"minecraft:red_dye":2,"minecraft:diamond_sword":2,"minecraft:dark_oak_stairs":12,"iceandfire:dragon_meal":67,"iceandfire:tide_trident":3,"iceandfire:dragonforge_ice_core_disabled":1,"minecraft:stone_axe":1,"minecraft:air":0,"minecraft:music_disc_chirp":1,"minecraft:bread":124,"tombstone:decorative_grave_cross":1,"minecraft:oak_boat":2,"minecraft:white_wool":8,"inventorypets:nugget_coal":64,"minecraft:gold_nugget":621,"iceandfire:dragonforge_lightning_brick":32,"minecraft:raw_gold":63,"irons_spellbooks:oakskin_elixir":1,"iceandfire:dragonforge_lightning_core_disabled":1,"minecraft:acacia_planks":16,"minecraft:lapis_lazuli":9},"minecraft:used":{"iceandfire:dragonforge_fire_input":1,"iceandfire:dragon_skull_ice":7,"minecraft:stone":1,"iceandfire:armor_gray_leggings":7,"minecraft:soul_sand":8,"iceandfire:dragonbone_axe":466,"iceandfire:dragonegg_green":1,"minecraft:lava_bucket":20,"iceandfire:armor_gray_boots":4,"minecraft:dark_oak_slab":16,"minecraft:bow":365,"iceandfire:chared_stone":2,"minecraft:oak_sapling":3,"slavic_delight:mashed_potatoes":1,"minecraft:damaged_anvil":2,"minecraft:chorus_fruit":6,"minecraft:blackstone":32,"minecraft:wooden_pickaxe":26,"minecraft:golden_apple":21,"minecraft:blast_furnace":1,"iceandfire:lightning_dragon_flesh":3,"iceandfire:deathworm_red_leggings":1,"sophisticatedstorage:chest":1,"minecraft:diamond_sword":34,"minecraft:smithing_table":1,"minecraft:oak_boat":2,"minecraft:stripped_acacia_wood":2,"iceandfire:dragonforge_ice_brick":23,"minecraft:enchanting_table":2,"tombstone:grave_plate":3,"minecraft:torch":333,"minecraft:brewing_stand":1,"alexsmobs:capsid":1,"delightfulburgers:basic_burger":1,"sophisticatedstorage:diamond_chest":8,"fruitsdelight:lemon":1,"minecraft:basalt":49,"minecraft:acacia_planks":1,"minecraft:light_gray_banner":1,"enigmaticlegacy:forbidden_axe":145,"minecraft:red_bed":23,"minecraft:campfire":5,"minecraft:spruce_log":36,"minecraft:diamond_pickaxe":3484,"tombstone:ritual_flute":1,"tombstone:magic_scroll":3,"minecraft:green_carpet":1,"fantasyfurniture:furniture_station":1,"minecraft:potion":8,"sophisticatedstorage:iron_chest":4,"minecraft:cooked_porkchop":19,"minecraft:repeating_command_block":9,"minecraft:diamond_leggings":3,"minecraft:moss_carpet":1,"minecraft:melon":5,"fruitsdelight:pear":2,"minecraft:decorated_pot":2,"minecraft:nether_wart":30,"minecraft:jungle_planks":418,"minecraft:obsidian":14,"tombstone:decorative_grave_simple":2,"neapolitan:chocolate_spider_eye":1,"nightlights:hanging_lights_default":2,"iceandfire:blindfold":3,"minecraft:item_frame":3,"ars_nouveau:sourceberry_bush":12,"minecraft:stone_pickaxe":63,"minecraft:oak_planks":118,"minecraft:sandstone":2,"tombstone:decorative_grave_cross":3,"minecraft:sugar_cane":5,"minecraft:diamond_axe":599,"minecraft:golden_hoe":15,"minecraft:lingering_potion":3,"waystones:waystone":1,"minecraft:dark_oak_log":70,"minecraft:bread":177,"iceandfire:dragon_skull_fire":20,"minecraft:smooth_stone_slab":2,"iceandfire:dragonegg_red":1,"minecraft:bone_meal":107,"minecraft:flint_and_steel":61,"minecraft:cooked_chicken":6,"sophisticatedstorage:gold_chest":8,"minecraft:dirt":600,"minecraft:bee_nest":1,"iceandfire:dragonforge_fire_core_disabled":1,"iceandfire:dragonbone_shovel":2094,"minecraft:oak_stairs":1,"iceandfire:dragonforge_lightning_brick":25,"nightlights:fairy_lights_default":8,"minecraft:iron_boots":1,"minecraft:soul_soil":5,"iceandfire:dragonforge_fire_brick":24,"minecraft:netherite_pickaxe":3130,"casualness_delight:deep_frying_pan":1,"minecraft:cooked_beef":16,"minecraft:powder_snow_bucket":2,"minecraft:pumpkin":1,"minecraft:iron_leggings":2,"biomesoplenty:wildflower":3,"bosses_of_mass_destruction:soul_star":1,"irons_spellbooks:alchemist_cauldron":6,"minecraft:flower_pot":2,"biomesoplenty:tiny_cactus":1,"iceandfire:ash":10,"mowziesmobs:sol_visage":1,"minecraft:stone_axe":46,"fruitsdelight:fig":1,"refurbished_furniture:workbench":1,"inka:inca_cloak":1,"minecraft:pumpkin_pie":8,"minecraft:birch_stairs":1,"irons_spellbooks:inscription_table":1,"minecraft:nether_brick_fence":2,"minecraft:spruce_slab":219,"minecraft:ladder":1,"minecraft:chest":12,"minecraft:stripped_spruce_log":65,"sophisticatedstorage:netherite_chest":4,"minecraft:grass_block":624,"minecraft:dark_oak_boat":2,"minecraft:furnace":16,"minecraft:egg":4,"minecraft:potato":16,"iceandfire:troll_weapon_hammer":4,"fruitsdelight:orange":2,"minecraft:diorite":6,"minecraft:oak_leaves":1,"minecraft:sand":29,"iceandfire:dragonforge_ice_input":1,"minecraft:fire_charge":1,"iceandfire:dragonforge_lightning_input":1,"iceandfire:dragon_bone_block":24,"iceandfire:dragonforge_ice_core_disabled":1,"minecraft:ice":4,"delightful:acorn":1,"tombstone:scroll_of_frost_resistance":1,"minecraft:netherrack":799,"fantasyfurniture:nordic/painting_wide":2,"minecraft:anvil":3,"minecraft:iron_axe":1292,"minecraft:smooth_basalt":1,"minecraft:glowstone":1,"tombstone:gift":13,"minecraft:cobbled_deepslate":293,"minecraft:water_bucket":393,"enigmaticlegacy:infinimeal":624,"iceandfire:dragon_skull_lightning":4,"minecraft:cracked_stone_bricks":3,"minecraft:polished_blackstone_bricks":41,"minecraft:tnt":4,"minecraft:crafting_table":47,"farmersdelight:pasta_with_meatballs":1,"iceandfire:dragonbone_sword_fire":1837,"minecraft:iron_pickaxe":130,"irons_spellbooks:archevoker_chestplate":10,"iceandfire:crackled_cobblestone":1,"minecraft:cobblestone":565,"irons_spellbooks:arcane_anvil":3,"minecraft:jukebox":2,"iceandfire:tide_trident":174,"brewinandchewin:pizza_slice":2,"minecraft:iron_shovel":289,"minecraft:diamond_hoe":46,"farmersdelight:stove":1,"minecraft:shield":254,"minecraft:iron_sword":210,"minecraft:iron_chestplate":2,"minecraft:nether_bricks":14,"minecraft:carrot":126,"minecraft:tuff":1,"minecraft:milk_bucket":6,"minecraft:iron_helmet":5,"minecraft:stone_bricks":116,"aquaculturedelight:rollmops":1,"minecraft:magma_block":2,"minecraft:gray_bed":1,"minecraft:dark_oak_stairs":22,"minecraft:ender_pearl":15,"inka:capac_armor_helmet":21,"biomesoplenty:fir_planks":20,"tconstruct:war_pick":1,"iceandfire:dragonforge_lightning_core_disabled":1,"minecraft:melon_slice":105,"minecraft:gravel":2,"fruitsdelight:kiwi":1,"minecraft:grindstone":2,"minecraft:experience_bottle":4,"minecraft:oak_fence":1,"biomesoplenty:brimstone":2,"minecraft:spruce_planks":115,"iceandfire:pixie_dust":3,"minecraft:diamond_helmet":1,"minecraft:granite":2,"minecraft:dark_oak_planks":108,"minecraft:stone_brick_slab":65,"alexsmobs:maggot":2,"minecraft:bookshelf":32,"biomesoplenty:orange_sand":7,"minecraft:light_gray_wool":1,"biomesoplenty:orange_sandstone":2,"minecraft:golden_carrot":102,"iceandfire:tide_green_helmet":9,"minecraft:cooked_mutton":5,"tombstone:scroll_of_knowledge":2,"iceandfire:fire_dragon_flesh":24,"minecraft:iron_ore":64,"iceandfire:dread_knight_sword":1477,"iceandfire:troll_weapon_axe":1,"minecraft:stripped_dark_oak_log":48,"minecraft:dark_oak_door":7,"tombstone:bag_of_seeds":13,"iceandfire:dragonegg_black":1,"minecraft:apple":1,"biomesoplenty:pink_daffodil":3,"minecraft:cracked_polished_blackstone_bricks":11,"iceandfire:dragonbone_bow":225,"irons_spellbooks:scroll_forge":2,"minecraft:white_banner":6,"minecraft:bucket":419,"minecraft:splash_potion":6},"minecraft:dropped":{"iceandfire:chared_stone":10,"farmersdelight:iron_knife":1,"simplehats:dragonhead":2,"minecraft:porkchop":23,"simplehats:ushanka":1,"irons_spellbooks:rare_ink":3,"inka:tumi":5,"alexsdelight:raw_bison":11,"minecraft:lapis_lazuli":1,"minecraft:glass_bottle":42,"minecraft:crafting_table":1,"minecraft:cooked_porkchop":3,"minecraft:pitcher_pod":4,"minecraft:weeping_vines":4,"simplehats:grandmadisguise":1,"tombstone:tablet_of_assistance":1,"iceandfire:dragonscales_copper":2,"iceandfire:ectoplasm":2,"delightful:cantaloupe_seeds":1,"enigmaticlegacy:mining_charm":1,"minecraft:red_mushroom":1,"minecraft:emerald":4,"croptopia:celery":2,"ars_nouveau:blue_archwood_sapling":1,"tombstone:ritual_flute":2,"iceandfire:blindfold":1,"simplehats:paperbag":4,"iceandfire:myrmex_desert_chitin":1,"irons_spellbooks:cinder_essence":27,"minecraft:netherite_boots":4,"iceandfire:dread_stone_bricks":2,"minecraft:gold_nugget":198,"minecraft:sand":254,"simplehats:dorkglassesandteeth":2,"simplehats:druid_antlers_rare":1,"minecraft:dark_oak_planks":30,"minecraft:mangrove_slab":2,"minecraft:white_wool":17,"biomesoplenty:toadstool":2,"alexsmobs:centipede_leg":2,"minecraft:stone_axe":4,"mowziesmobs:umvuthana_mask_rage":1,"irons_spellbooks:blank_rune":4,"minecraft:iron_nugget":475,"aquaculture:piranha":14,"minecraft:cobbled_deepslate":913,"iceandfire:sea_serpent_scales_deepblue":9,"minecraft:netherite_sword":2,"minecraft:wheat":42,"minecraft:rotten_flesh":322,"minecraft:oak_planks":2,"aquaculture:boulti":1,"minecraft:glowstone_dust":3,"simplehats:largehorns":1,"tombstone:readable_scroll":14,"minecraft:nether_brick_fence":8,"iceandfire:dragonbone_axe":2,"aquaculture:synodontis":2,"iceandfire:dragonscales_blue":44,"bosses_of_mass_destruction:soul_star":10,"alexsmobs:blood_sac":15,"croptopia:rice_seed":2,"simplehats:hatbag_uncommon":2,"aquaculture:bayad":1,"minecraft:jungle_log":1,"iceandfire:crackled_cobblestone":27,"iceandfire:dragon_meal":15,"minecraft:leather_leggings":2,"croptopia:onion_seed":1,"minecraft:stone_brick_stairs":2,"enigmaticlegacy:enigmatic_amulet":2,"iceandfire:manuscript":25,"irons_spellbooks:divine_pearl":5,"brewinandchewin:pizza":1,"minecraft:wheat_seeds":65,"fruitsdelight:hamimelon_seeds":3,"simplehats:eyeholder_warm":1,"iceandfire:dread_stone_stairs":2,"minecraft:book":393,"minecraft:prismarine_crystals":6,"iceandfire:dragon_stick":2,"ars_elemental:ritual_detection":1,"croptopia:almond":1,"iceandfire:sea_serpent_scales_green":5,"culturaldelights:squid":3,"croptopia:celery_seed":4,"simplehats:sombrero":1,"minecraft:gray_wool":1,"minecraft:ink_sac":1,"biomesoplenty:brimstone":18,"simplehats:cyclopseye":1,"inka:gold_face":2,"minecraft:potion":3,"minecraft:oak_stairs":1,"minecraft:pumpkin":22,"minecraft:golden_hoe":1,"minecraft:white_banner":2,"iceandfire:dragonscales_white":144,"minecraft:chainmail_leggings":7,"minecraft:bamboo_slab":2,"minecraft:blue_carpet":2,"minecraft:trapped_chest":1,"minecraft:lily_pad":2,"simplehats:drinkinhat":1,"iceandfire:frozen_cobblestone":2,"minecraft:stone_brick_slab":1,"create:raw_zinc":20,"enigmaticlegacy:withered_tome":20,"artifacts:digging_claws":1,"biomesoplenty:waterlily":1,"simplehats:lilbow":2,"minecraft:soul_soil":4,"minecraft:player_head":3,"minecraft:cocoa_beans":3,"croptopia:strawberry":2,"simplehats:antlers":1,"minecraft:experience_bottle":31,"minecraft:white_carpet":96,"minecraft:clay_ball":7,"simplehats:vikinghatbeard":1,"minecraft:iron_boots":7,"fruitsdelight:lychee":1,"sophisticatedbackpacks:backpack":10,"minecraft:white_terracotta":2,"iceandfire:deathworm_white_leggings":1,"minecraft:diamond_sword":8,"irons_spellbooks:archevoker_chestplate":5,"minecraft:flower_pot":2,"simplehats:hatbag_common":1,"minecraft:spruce_planks":26,"minecraft:bundle":14,"minecraft:diamond_pickaxe":3,"culturaldelights:raw_calamari":2,"inka:capac_armor_helmet":2,"minecraft:redstone_torch":4,"minecraft:stone_bricks":7,"minecraft:sandstone":98,"biomesoplenty:orange_sandstone":68,"sophisticatedbackpacks:copper_backpack":4,"minecraft:bow":14,"minecraft:red_sand":3,"iceandfire:crackled_stone":32,"minecraft:magma_block":25,"iceandfire:dragon_skull_lightning":2,"minecraft:terracotta":9,"croptopia:pineapple_seed":1,"minecraft:soul_sand":8,"simplehats:frozenhead":2,"minecraft:oak_log":2,"minecraft:ender_pearl":4,"minecraft:dark_oak_sapling":9,"iceandfire:ice_dragon_flesh":43,"simplehats:cowboy":2,"minecraft:leather":29,"minecraft:red_wool":4,"minecraft:jungle_planks":109,"minecraft:iron_horse_armor":1,"iceandfire:dread_stone_bricks_cracked":13,"relics:reflection_necklace":1,"minecraft:black_banner":1,"minecraft:cobblestone_stairs":2,"croptopia:tomato_seed":2,"simplehats:beaniergb":1,"minecraft:cracked_polished_blackstone_bricks":2,"simplehats:greaser":2,"tombstone:bag_of_seeds":2,"minecraft:dark_oak_log":1,"irons_spellbooks:hogskin":6,"minecraft:snowball":7,"simplehats:cardboard_box":1,"iceandfire:ash":54,"tombstone:scroll_of_preservation":3,"croptopia:calamari":3,"minecraft:gold_ingot":17,"rusticdelight:calamari":6,"irons_spellbooks:fire_rune":1,"simplehats:cowboyrgb":3,"enigmaticlegacy:blazing_core":1,"simplehats:clockface":2,"simplehats:eevee_ears":2,"simplehats:druid_antlers":4,"enigmaticlegacy:tattered_tome":1,"iceandfire:frozen_stone":4,"croptopia:strawberry_seed":1,"simplehats:topcathat":1,"simplehats:orange_hat":5,"iceandfire:myrmex_resin_sticky_jungle":5,"sophisticatedbackpacks:diamond_backpack":3,"minecraft:birch_fence_gate":1,"patchouli:guide_book":4,"ars_nouveau:sourceberry_bush":3,"minecraft:leather_chestplate":1,"irons_spellbooks:conjurers_talisman":1,"spanishdelight:garlic":27,"minecraft:beetroot_seeds":4,"culturaldelights:glow_squid":3,"minecraft:iron_bars":4,"simplehats:bigstevehead":2,"fruitsdelight:orange":2,"inka:cut_gold_block":7,"minecraft:purple_carpet":2,"fruitsdelight:lemon":2,"minecraft:bread":30,"iceandfire:dragonscales_sapphire":23,"iceandfire:deathworm_egg":1,"iceandfire:myrmex_jungle_egg":2,"inka:gold_pillar":9,"minecraft:golden_axe":1,"inventorypets:nugget_obsidian":1,"crittersandcompanions:dragonfly_wing":2,"iceandfire:dragon_flute":1,"biomesoplenty:violet":24,"irons_spellbooks:scroll":34,"minecraft:iron_block":30,"croptopia:kale_seed":3,"ramadandelight:parsley_seeds":11,"minecraft:milk_bucket":3,"alexsmobs:dropbear_claw":8,"minecraft:melon_slice":26,"artifacts:crystal_heart":1,"irons_spellbooks:common_ink":14,"sophisticatedbackpacks:jukebox_upgrade":1,"simplehats:dairyqueen":1,"iceandfire:dragonbone":1,"simplehats:artsy":1,"minecraft:dark_prismarine_stairs":1,"iceandfire:lightning_dragon_heart":2,"cataclysm:koboleton_bone":1,"minecraft:wild_armor_trim_smithing_template":2,"minecraft:light_gray_terracotta":2,"simplehats:bicorne":1,"irons_spellbooks:keeper_flamberge":5,"culturaldelights:eggplant_seeds":1,"iceandfire:dragonbone_sword_fire":2,"simplehats:rabbitonhead":1,"minecraft:flint_and_steel":2,"simplehats:longfoxears":2,"iceandfire:chared_cobblestone":27,"minecraft:andesite":105,"tconstruct:battlesign":1,"minecraft:oak_sapling":20,"minecraft:birch_sign":1,"minecraft:spruce_log":11,"iceandfire:fire_dragon_heart":6,"minecraft:wooden_pickaxe":1,"croptopia:pepper_seed":1,"minecraft:magma_cream":1,"minecraft:brick":6,"minecraft:crimson_stem":2,"casualness_delight:raw_potato_bobo_chicken":1,"iceandfire:raw_silver":8,"iceandfire:armor_gray_boots":6,"minecraft:cooked_beef":5,"simplehats:poofballhat":2,"iceandfire:dragonforge_ice_input":1,"minecraft:crossbow":5,"relics:infinity_ham":2,"irons_spellbooks:tarnished_helmet":4,"minecraft:rail":7,"tconstruct:earth_slime_crystal":4,"simplehats:spadesoldier":1,"minecraft:red_carpet":312,"minecraft:item_frame":2,"sophisticatedbackpacks:gold_backpack":2,"minecraft:dirt":451,"minecraft:melon":34,"simplehats:bigribbon":1,"iceandfire:dread_sword":5,"irons_spellbooks:epic_ink":1,"minecraft:jungle_sapling":1,"irons_spellbooks:arcane_essence":163,"minecraft:chain":4,"cataclysm:ancient_metal_nugget":2,"minecraft:bone_block":7,"minecraft:bone_meal":27,"minecraft:phantom_membrane":7,"minecraft:iron_pickaxe":1,"simplehats:baseballhat":1,"iceandfire:myrmex_resin_jungle":11,"iceandfire:myrmex_jungle_chitin":14,"ars_nouveau:sorcerer_robes":1,"minecraft:bone":455,"minecraft:sugar_cane":8,"minecraft:golden_chestplate":2,"minecraft:nether_brick":15,"inventorypets:pet_enchanting_table":1,"minecraft:birch_sapling":18,"alexsmobs:emu_egg":39,"simplehats:rgbushanka":1,"minecraft:dark_oak_fence_gate":1,"tconstruct:war_pick":1,"iceandfire:armor_gray_leggings":7,"iceandfire:dread_stone_bricks_mossy":2,"iceandfire:sapphire_gem":5,"farmersdelight:rice_panicle":1,"minecraft:tipped_arrow":2,"minecraft:deepslate_tiles":4,"simplehats:moreeyes":1,"simplehats:chalk_stick":1,"enigmaticlegacy:lore_fragment":2,"enigmaticlegacy:golden_ring":1,"biomesoplenty:wildflower":27,"inventorypets:nugget_coal":3,"minecraft:ladder":27,"simplehats:springer":2,"minecraft:spruce_slab":1,"minecraft:ghast_tear":10,"croptopia:barley":1,"croptopia:greenonion":2,"minecraft:egg":4,"alexsmobs:mosquito_proboscis":1,"tombstone:scroll_of_feather_fall":1,"minecraft:enchanted_book":34,"minecraft:iron_ingot":28,"minecraft:netherite_pickaxe":3,"minecraft:birch_leaves":1,"ars_nouveau:pierce_arrow":31,"minecraft:tnt":1,"minecraft:golden_horse_armor":1,"iceandfire:sea_serpent_scales_bronze":6,"simplehats:baseballhatrgb":2,"minecraft:iron_helmet":6,"minecraft:oak_fence":13,"minecraft:feather":39,"minecraft:yellow_terracotta":7,"minecraft:cobblestone":1359,"enigmaticlegacy:golem_heart":1,"minecraft:granite":98,"inka:gold_face_block":1,"minecraft:chainmail_helmet":2,"minecraft:coal":124,"iceandfire:stymphalian_skull":2,"croptopia:ginger_seed":1,"simplehats:carrotonstick":2,"neapolitan:vanilla_pods":4,"simplehats:mimic_head_dark":1,"minecraft:golden_carrot":89,"iceandfire:copper_nugget":65,"simplehats:cheeseslice":1,"croptopia:tomato":2,"minecraft:diamond_helmet":6,"minecraft:lime_carpet":2,"minecraft:brown_terracotta":16,"delightful:acorn":2,"minecraft:iron_shovel":6,"simplehats:simsgem":1,"minecraft:string":22,"irons_spellbooks:nature_rune":1,"minecraft:gray_carpet":3,"iceandfire:dragon_skull_fire":5,"minecraft:spruce_sapling":5,"croptopia:elderberry":1,"iceandfire:silver_nugget":170,"simplehats:lightning_eyes":1,"minecraft:furnace":1,"iceandfire:dragonscales_gray":1,"biomesoplenty:dried_salt":2,"minecraft:moss_carpet":1,"simplehats:rgbfullhelm":1,"minecraft:soul_torch":3,"minecraft:stone_sword":14,"irons_spellbooks:ice_rune":2,"simplehats:round_purple_wig":2,"simplehats:toptophathat":1,"croptopia:blackberry_seed":2,"irons_spellbooks:uncommon_ink":4,"iceandfire:myrmex_stinger":1,"minecraft:chicken":1,"iceandfire:dragonscales_electric":16,"iceandfire:dragon_skull_ice":4,"minecraft:nether_bricks":1,"croptopia:radish_seed":6,"minecraft:spruce_fence":3,"minecraft:pumpkin_seeds":1,"lendersdelight:raw_deepling_meat":1,"simplehats:astronaut":1,"minecraft:potato":210,"minecraft:allium":6,"simplehats:rgbtoptophathat":1,"iceandfire:silver_ingot":2,"inventorypets:nugget_lapis":27,"minecraft:wooden_shovel":2,"croptopia:basil_seed":1,"minecraft:spider_eye":76,"minecraft:blue_orchid":1,"minecraft:red_tulip":1,"iceandfire:sea_serpent_fang":1,"minecraft:friend_pottery_sherd":4,"minecraft:dark_prismarine":10,"minecraft:black_wool":2,"minecraft:birch_planks":36,"minecraft:dark_oak_stairs":6,"tconstruct:sky_slime_dirt":13,"minecraft:diamond_axe":3,"alexsmobs:banana_slug_slime":2,"irons_spellbooks:lightning_bottle":2,"minecraft:decorated_pot":13,"croptopia:elderberry_seed":2,"simplehats:scouter":3,"iceandfire:fire_dragon_flesh":43,"iceandfire:tide_trident":1,"biomesoplenty:rose_quartz_chunk":20,"alexsmobs:bison_fur":1,"minecraft:flint":18,"simplehats:apple":2,"ars_nouveau:red_archwood_log":1,"tconstruct:materials_and_you":1,"minecraft:polished_blackstone_brick_stairs":2,"simplehats:partyhat":1,"fruitsdelight:mango":1,"tombstone:receptacle_of_familiar":1,"minecraft:crimson_roots":7,"iceandfire:dragonscales_red":3,"minecraft:amethyst_shard":3,"minecraft:polished_blackstone_bricks":42,"tombstone:grave_plate":3,"minecraft:birch_log":7,"iceandfire:dread_shard":214,"enigmaticlegacy:xp_scroll":3,"minecraft:gravel":203,"alexsmobs:capsid":9,"croptopia:onion":2,"minecraft:blackstone":166,"iceandfire:tide_green_chestplate":3,"minecraft:prismarine":1,"ramadandelight:parsley":4,"minecraft:carrot":68,"inka:chiseled_cut_gold_block":5,"minecraft:chainmail_chestplate":6,"minecraft:poppy":1,"minecraft:rabbit_hide":9,"alexsmobs:elastic_tendon":6,"croptopia:greenonion_seed":2,"croptopia:spinach_seed":3,"minecraft:gunpowder":41,"minecraft:lingering_potion":1,"irons_spellbooks:arcane_debris":7,"minecraft:chest":10,"minecraft:chainmail_boots":5,"minecraft:powered_rail":2,"minecraft:blackstone_slab":2,"minecraft:basalt":19,"minecraft:arrow":230,"iceandfire:deathworm_chitin_yellow":3,"minecraft:oak_leaves":37,"minecraft:netherrack":2891,"simplehats:mimic_head":1,"minecraft:water_bucket":1,"minecraft:stripped_spruce_log":4,"tconstruct:blood_slime_grass_seeds":4,"iceandfire:dragonscales_green":6,"simplehats:rabi_en_rose":1,"minecraft:diamond_leggings":1,"croptopia:guide":1,"minecraft:prismarine_shard":2,"minecraft:lead":1,"minecraft:spectral_arrow":11,"minecraft:copper_ingot":41,"iceandfire:lightning_dragon_flesh":24,"minecraft:grass_block":76,"minecraft:stick":20,"irons_spellbooks:holy_rune":1,"biomesoplenty:orange_sand":109,"minecraft:torch":110,"minecraft:diorite":192,"iceandfire:creative_dragon_meal":3,"iceandfire:dragonegg_red":1,"tombstone:magic_scroll":8,"minecraft:brown_wool":1,"tombstone:grave_dust":101,"simplehats:winghat":1,"minecraft:iron_leggings":7,"minecraft:green_carpet":1,"simplehats:worms_mine":3,"iceandfire:ice_dragon_heart":4,"minecraft:iron_axe":6,"tconstruct:swasher":1,"iceandfire:dragonscales_bronze":2,"minecraft:dandelion":1,"croptopia:glowing_calamari":3,"aquaculture:tambaqui":1,"minecraft:redstone":7,"inka:zamponia":1,"minecraft:blaze_rod":1,"minecraft:raw_copper":68,"simplehats:cartoonegg":2,"enigmaticlegacy:thicc_scroll":2,"simplehats:udder_hat":1,"minecraft:tuff":115,"iceandfire:witherbone":1,"minecraft:raw_iron":1,"inventorypets:pet_crafting_table":1,"minecraft:light_gray_wool":16,"minecraft:iron_hoe":1,"lendersdelight:koboleton_meat":2,"tombstone:scroll_of_purification":1,"iceandfire:myrmex_jungle_resin":3,"minecraft:stripped_acacia_wood":6,"simplehats:alien_antennae":3,"alexsmobs:bear_fur":2,"minecraft:filled_map":2,"minecraft:bamboo_stairs":1,"minecraft:snow":11,"iceandfire:dread_torch":1,"minecraft:shield":5,"minecraft:diamond_chestplate":4,"minecraft:orange_terracotta":25,"minecraft:iron_chestplate":1,"minecraft:mossy_stone_bricks":2,"iceandfire:dragonbone_bow":1,"minecraft:golden_sword":2,"iceandfire:hydra_heart":2,"tombstone:essence_of_undeath":3,"artifacts:cross_necklace":1,"simplehats:mindflayer":1,"simplehats:rgbsunglasses":1,"minecraft:stone_pickaxe":2,"minecraft:calcite":3,"enigmaticlegacy:angel_blessing":1},"minecraft:broken":{"minecraft:diamond_helmet":1,"minecraft:shield":2,"usefulslime:slime_sling":1,"minecraft:iron_boots":2,"minecraft:iron_chestplate":1,"inka:capac_armor_helmet":1,"iceandfire:deathworm_red_leggings":1,"minecraft:iron_axe":6,"minecraft:iron_helmet":1},"minecraft:mined":{"iceandfire:dread_torch":1,"sophisticatedstorage:gold_chest":6,"irons_spellbooks:armor_pile":23,"minecraft:granite":66,"minecraft:acacia_log":4,"minecraft:light_gray_bed":1,"spanishdelight:wild_garlic":12,"minecraft:nether_wart":23,"minecraft:spawner":47,"minecraft:polished_blackstone_bricks":93,"minecraft:magma_block":18,"minecraft:cobbled_deepslate":42,"minecraft:barrel":1,"minecraft:fire":261,"minecraft:deepslate_lapis_ore":24,"iceandfire:gold_pile":1,"iceandfire:dread_stone_bricks_cracked":2,"minecraft:tripwire":1,"biomesoplenty:tiny_cactus":1,"minecraft:kelp_plant":1,"minecraft:crimson_nylium":25,"ars_nouveau:light_block":2,"minecraft:powder_snow":21,"minecraft:torch":9,"sophisticatedstorage:diamond_chest":2,"minecraft:melon":27,"minecraft:dead_bush":1,"minecraft:sugar_cane":52,"minecraft:amethyst_block":3,"minecraft:white_terracotta":3,"minecraft:jungle_wood":9,"minecraft:jukebox":1,"iceandfire:dragonforge_ice_input":2,"minecraft:grass":194,"tombstone:decorative_grave_simple":1,"minecraft:smooth_basalt":1,"minecraft:deepslate":725,"create:zinc_ore":5,"minecraft:dark_prismarine":18,"minecraft:deepslate_tiles":5,"minecraft:mossy_cobblestone":6,"sophisticatedstorage:iron_chest":2,"minecraft:dark_oak_log":38,"minecraft:spruce_fence":2,"croptopia:coffee_crop":1,"minecraft:redstone_ore":1,"minecraft:andesite":77,"minecraft:vine":10,"biomesoplenty:rose_quartz_cluster":2,"minecraft:bone_block":2,"minecraft:glass_pane":9,"minecraft:soul_sand":6,"minecraft:dandelion":1,"croptopia:sweetpotato_crop":1,"minecraft:campfire":5,"minecraft:brain_coral_fan":1,"minecraft:copper_ore":60,"minecraft:tall_grass":38,"minecraft:diorite":111,"nightlights:fairy_lights_default":8,"minecraft:gravel":98,"minecraft:brown_terracotta":16,"minecraft:cobweb":15,"minecraft:stone_bricks":26,"minecraft:gold_ore":1,"minecraft:fern":50,"minecraft:orange_wool":3,"minecraft:brewing_stand":1,"minecraft:budding_amethyst":1,"minecraft:cracked_polished_blackstone_bricks":14,"iceandfire:dread_spawner":37,"irons_spellbooks:scroll_forge":1,"inka:chiseled_cut_gold_block":2,"sophisticatedstorage:chest":1,"minecraft:iron_bars":4,"minecraft:spruce_slab":62,"iceandfire:chared_cobblestone":30,"fruitsdelight:wild_pineapple":1,"minecraft:deepslate_redstone_ore":6,"croptopia:eggplant_crop":1,"irons_spellbooks:alchemist_cauldron":6,"biomesoplenty:wildflower":1,"minecraft:orange_terracotta":26,"minecraft:light_gray_terracotta":2,"minecraft:nether_quartz_ore":14,"minecraft:oak_planks":72,"minecraft:wall_torch":47,"minecraft:dark_oak_slab":4,"minecraft:tnt":3,"biomesoplenty:fir_log":5,"minecraft:smooth_stone_slab":3,"iceandfire:dread_stone_bricks_mossy":1,"minecraft:oak_log":54,"tombstone:decorative_grave_cross":2,"minecraft:beetroots":2,"minecraft:dirt":1083,"structure_gel:dynamic_spawner":3,"minecraft:ancient_debris":16,"iceandfire:dread_stone_bricks":5,"minecraft:dark_oak_leaves":4,"croptopia:kale_crop":1,"create_central_kitchen:pumpkin_pie":2,"minecraft:glow_lichen":1,"minecraft:ladder":1,"minecraft:decorated_pot":14,"minecraft:spruce_leaves":7,"minecraft:crimson_stem":2,"minecraft:hay_block":44,"minecraft:raw_gold_block":8,"minecraft:gold_block":132,"minecraft:nether_brick_fence":7,"minecraft:bookshelf":66,"minecraft:deepslate_iron_ore":2,"crittersandcompanions:silk_cocoon":7,"croptopia:greenonion_crop":1,"tconstruct:ichor_slime_crystal_block":1,"minecraft:scaffolding":1,"minecraft:stripped_dark_oak_log":49,"minecraft:basalt":97,"minecraft:oak_fence":1,"tconstruct:earth_slime_crystal_cluster":1,"biomesoplenty:huge_clover_petal":1,"minecraft:ice":8,"inka:inca_cloak":1,"minecraft:bee_nest":1,"minecraft:black_wool":1,"neapolitan:vanilla_vine_plant":1,"minecraft:cracked_stone_bricks":7,"minecraft:stripped_acacia_wood":5,"minecraft:mossy_stone_bricks":2,"minecraft:dark_oak_planks":49,"inka:gold_pillar":1,"minecraft:jungle_leaves":10,"biomesoplenty:brimstone":28,"minecraft:potted_crimson_fungus":1,"minecraft:obsidian":18,"minecraft:red_sand":3,"minecraft:jungle_log":135,"biomesoplenty:orange_sandstone":7,"minecraft:weeping_vines_plant":4,"minecraft:tall_seagrass":1,"tconstruct:cobalt_ore":6,"biomesoplenty:violet":12,"minecraft:pumpkin":4,"minecraft:enchanting_table":1,"minecraft:sculk_shrieker":1,"minecraft:dirt_path":3,"minecraft:stripped_mangrove_wood":1,"minecraft:red_bed":21,"minecraft:soul_fire":13,"irons_spellbooks:arcane_debris":7,"minecraft:damaged_anvil":3,"fantasyfurniture:nordic/painting_wide":1,"minecraft:skeleton_skull":1,"iceandfire:crackled_stone":42,"croptopia:pineapple_crop":1,"minecraft:wheat":1,"biomesoplenty:large_rose_quartz_bud":4,"minecraft:warped_fungus":1,"minecraft:stone_brick_stairs":4,"minecraft:yellow_terracotta":7,"biomesoplenty:watergrass":2,"iceandfire:silver_ore":2,"biomesoplenty:desert_grass":4,"vintagedelight:cucumber_crop":1,"minecraft:nether_bricks":19,"minecraft:jungle_planks":1,"minecraft:crimson_roots":6,"biomesoplenty:dead_grass":4,"minecraft:moss_block":1,"minecraft:kelp":1,"croptopia:ginger_crop":1,"fruitsdelight:lemon_tree":3,"minecraft:snow":11,"minecraft:potatoes":22,"biomesoplenty:high_grass":40,"iceandfire:myrmex_resin_sticky_jungle":4,"irons_spellbooks:inscription_table":1,"minecraft:white_wool":2,"minecraft:stone_brick_slab":31,"minecraft:emerald_ore":10,"biomesoplenty:high_grass_plant":50,"minecraft:spruce_log":27,"minecraft:birch_leaves":25,"minecraft:acacia_planks":1,"create:deepslate_zinc_ore":2,"minecraft:spruce_planks":38,"croptopia:strawberry_crop":1,"minecraft:cobblestone_stairs":1,"irons_spellbooks:arcane_anvil":2,"minecraft:grass_block":1119,"minecraft:soul_soil":12,"ars_nouveau:sourceberry_bush":1,"iceandfire:crackled_cobblestone":31,"biomesoplenty:bramble_leaves":1,"minecraft:glowstone":43,"inka:cut_gold_block":2,"minecraft:iron_ore":118,"minecraft:anvil":3,"minecraft:dark_oak_stairs":13,"biomesoplenty:hanging_cobweb":1,"minecraft:blackstone":67,"iceandfire:myrmex_resin_jungle":11,"minecraft:clay":16,"minecraft:calcite":2,"minecraft:chest":25,"minecraft:cobblestone":35,"minecraft:grindstone":1,"minecraft:prismarine":1,"minecraft:deepslate_copper_ore":2,"minecraft:dark_oak_door":5,"casualness_delight:deep_frying_pan":1,"minecraft:lapis_block":1,"minecraft:birch_log":7,"minecraft:birch_trapdoor":4,"minecraft:light_gray_wool":16,"croptopia:chile_pepper_crop":1,"biomesoplenty:clover":2,"iceandfire:dragonforge_lightning_brick":5,"minecraft:sand":157,"minecraft:wither_skeleton_skull":2,"inka:gold_face":1,"minecraft:netherrack":2271,"minecraft:oak_leaves":49,"minecraft:emerald_block":16,"iceandfire:chared_stone":20,"minecraft:nether_gold_ore":5,"minecraft:diamond_ore":11,"minecraft:tuff":76,"minecraft:red_carpet":3,"minecraft:deepslate_diamond_ore":59,"fruitsdelight:orange_leaves":3,"minecraft:weeping_vines":3,"iceandfire:dragonforge_ice_brick":27,"minecraft:furnace":15,"minecraft:carrots":67,"minecraft:stripped_spruce_log":52,"iceandfire:dragon_bone_block":20,"minecraft:stripped_jungle_log":1,"minecraft:stone":1848,"biomesoplenty:orange_sand":15,"minecraft:crafting_table":37,"minecraft:blackstone_slab":2,"minecraft:rose_bush":2,"minecraft:andesite_slab":1,"biomesoplenty:sprout":4,"refurbished_furniture:workbench":1,"minecraft:gray_wool":3,"biomesoplenty:pink_daffodil":1,"iceandfire:myrmex_jungle_biolight":1,"iceandfire:dragonforge_fire_brick":4,"minecraft:mangrove_slab":1,"minecraft:coal_ore":35,"nightlights:hanging_lights_default":2,"minecraft:terracotta":9,"minecraft:birch_fence":5},"minecraft:killed":{"irons_spellbooks:cryomancer":1,"minecraft:guardian":9,"alexsmobs:straddler":4,"alexsmobs:centipede_head":3,"iceandfire:dread_scuttler":62,"irons_spellbooks:archevoker":1,"iceandfire:myrmex_worker":3,"minecraft:elder_guardian":1,"minecraft:pillager":86,"minecraft:zombie":227,"iceandfire:dread_ghoul":16,"iceandfire:lightning_dragon":2,"aquaculture:tambaqui":1,"iceandfire:sea_serpent":4,"mca:female_zombie_villager":2,"minecraft:evoker":2,"mca:male_zombie_villager":2,"minecraft:vindicator":21,"iceandfire:siren":7,"cataclysm:koboleton":2,"minecraft:husk":22,"iceandfire:cyclops":1,"minecraft:ravager":1,"alexsmobs:crocodile":1,"iceandfire:ghost":16,"iceandfire:ice_dragon":6,"goblintraders:vein_goblin_trader":2,"minecraft:zombified_piglin":18,"minecraft:witch":5,"minecraft:spider":67,"inka:capac":1,"minecraft:silverfish":42,"minecraft:piglin_brute":11,"minecraft:piglin":25,"alexsmobs:grizzly_bear":2,"alexsmobs:stradpole":1,"alexsmobs:crimson_mosquito":36,"minecraft:sheep":27,"minecraft:trader_llama":2,"minecraft:ghast":6,"inka:headclava":2,"iceandfire:pixie":19,"alexsmobs:bone_serpent":3,"minecraft:vex":4,"minecraft:slime":6,"minecraft:drowned":4,"iceandfire:deathworm":9,"minecraft:hoglin":18,"minecraft:squid":12,"alexsmobs:emu":1,"iceandfire:myrmex_soldier":2,"alexsmobs:cockroach":1,"minecraft:wither_skeleton":124,"minecraft:cave_spider":4,"alexsmobs:enderiophage":11,"alexsmobs:murmur":5,"irons_spellbooks:summoned_polar_bear":1,"iceandfire:stymphalian_bird":28,"minecraft:skeleton":198,"irons_spellbooks:apothecarist":1,"minecraft:chicken":14,"mowziesmobs:umvuthana_crane":2,"minecraft:magma_cube":31,"iceandfire:cockatrice":1,"iceandfire:dread_lich":1,"minecraft:cow":23,"alexsmobs:raccoon":1,"alexsmobs:seagull":3,"iceandfire:dread_beast":33,"mowziesmobs:ferrous_wroughtnaut":1,"iceandfire:dread_knight":51,"inka:cuy":1,"alexsmobs:guster":2,"ars_nouveau:starbuncle":1,"irons_spellbooks:citadel_keeper":19,"minecraft:wandering_trader":1,"minecraft:enderman":13,"aquaculture:piranha":15,"irons_spellbooks:pyromancer":1,"mowziesmobs:bluff":2,"mowziesmobs:umvuthi":1,"crittersandcompanions:leaf_insect":1,"alexsmobs:banana_slug":1,"irons_spellbooks:summoned_skeleton":5,"artifacts:mimic":10,"minecraft:pig":18,"iceandfire:hydra":1,"irons_spellbooks:necromancer":29,"minecraft:creeper":64,"minecraft:stray":2,"alexsmobs:fly":1,"alexsmobs:komodo_dragon":1,"minecraft:blaze":67,"alexsmobs:dropbear":13,"irons_spellbooks:summoned_zombie":20,"alexsmobs:rattlesnake":3,"minecraft:phantom":20,"iceandfire:dread_thrall":70,"iceandfire:fire_dragon":5,"alexsmobs:soul_vulture":1,"alexsmobs:bison":1,"mowziesmobs:umvuthana":2,"iceandfire:myrmex_sentinel":1,"iceandfire:troll":2,"mowziesmobs:umvuthana_follower_raptor":3,"alexsmobs:crow":1},"minecraft:custom":{"minecraft:interact_with_crafting_table":323,"minecraft:damage_blocked_by_shield":6710,"minecraft:play_time":2818297,"minecraft:deaths":5,"minecraft:jump":53995,"tombstone:use_disenchantment":4,"tombstone:undead_killed":990,"minecraft:interact_with_smoker":3,"minecraft:inspect_dispenser":4,"minecraft:horse_one_cm":291702,"minecraft:interact_with_anvil":40,"tombstone:rite_of_silent_bond":4,"tombstone:raider_killed":154,"minecraft:tune_noteblock":1,"minecraft:time_since_rest":-11364955,"minecraft:swim_one_cm":1147899,"minecraft:open_chest":2344,"tombstone:erdos_fragments":1,"minecraft:damage_resisted":0,"minecraft:play_noteblock":1,"minecraft:talked_to_villager":15,"minecraft:interact_with_brewingstand":3,"minecraft:damage_dealt_resisted":4703,"minecraft:raid_win":1,"minecraft:boat_one_cm":39904,"minecraft:damage_taken":30460,"minecraft:aviate_one_cm":719599,"minecraft:open_barrel":277,"goblintraders:trade_with_goblin":38,"minecraft:leave_game":38,"minecraft:time_since_death":2630697,"tombstone:tomb_raiding":2,"minecraft:enchant_item":43,"tombstone:elyra_diary":4,"minecraft:interact_with_furnace":380,"minecraft:traded_with_villager":3,"minecraft:sleep_in_bed":85,"minecraft:damage_dealt":397912,"waystones:waystone_activated":5,"minecraft:interact_with_smithing_table":3,"minecraft:damage_dealt_absorbed":1096,"minecraft:sneak_time":76693,"minecraft:interact_with_lectern":2,"minecraft:interact_with_blast_furnace":2,"minecraft:total_world_time":2818297,"enigmaticlegacy:play_time_without_seven_curses":2818143,"tombstone:cast_on_ally":4,"minecraft:fly_one_cm":16921192,"minecraft:fall_one_cm":3423356,"enigmaticlegacy:play_time_with_seven_curses":0,"minecraft:sprint_one_cm":8751144,"minecraft:drop":1895,"minecraft:walk_on_water_one_cm":372698,"minecraft:player_kills":2,"minecraft:crouch_one_cm":254305,"minecraft:mob_kills":1958,"minecraft:climb_one_cm":84951,"minecraft:walk_one_cm":7918556,"tombstone:consume_soul":4,"minecraft:walk_under_water_one_cm":366316,"minecraft:pot_flower":1,"minecraft:interact_with_grindstone":7,"minecraft:damage_absorbed":731,"minecraft:trigger_trapped_chest":11},"minecraft:picked_up":{"simplehats:shakehat":1,"irons_spellbooks:arcane_anvil":2,"croptopia:grape_seed":9,"minecraft:lead":6,"farmersdelight:rice_panicle":1,"irons_spellbooks:holy_rune":2,"minecraft:enchanted_book":66,"sophisticatedstorage:gold_chest":6,"simplehats:round_purple_wig":2,"minecraft:polished_blackstone_brick_stairs":2,"minecraft:string":79,"simplehats:bicorne":2,"alexsmobs:emu_feather":2,"iceandfire:dragonforge_ice_brick":27,"irons_spellbooks:archevoker_chestplate":4,"iceandfire:myrmex_desert_resin":3,"enigmaticlegacy:xp_scroll":3,"inka:gold_pillar":9,"minecraft:jukebox":1,"croptopia:blackbean":2,"minecraft:acacia_log":4,"minecraft:golden_chestplate":2,"enigmaticlegacy:angel_blessing":1,"minecraft:stone_sword":13,"minecraft:lime_carpet":2,"crittersandcompanions:dragonfly_wing":2,"simplehats:rgbsunglasses":2,"simplehats:flies":1,"minecraft:red_tulip":1,"simplehats:paypay":1,"farmersdelight:rope":16,"minecraft:bookshelf":16,"croptopia:elderberry":4,"minecraft:white_terracotta":2,"ars_nouveau:sourceberry_bush":3,"minecraft:blaze_rod":36,"minecraft:iron_bars":4,"minecraft:snowball":18,"croptopia:lettuce_seed":2,"iceandfire:sapphire_gem":5,"minecraft:feather":45,"minecraft:cooked_beef":6,"farmersdelight:rice":1,"minecraft:water_bucket":1,"biomesoplenty:dried_salt":2,"minecraft:brown_wool":1,"simplehats:partyhat":2,"alexsmobs:bison_fur":1,"minecraft:flint":24,"farmersdelight:cooked_bacon":1,"irons_spellbooks:keeper_flamberge":8,"simplehats:beaniergb":1,"artifacts:flippers":1,"croptopia:eggplant":1,"simplehats:hatbag_epic":16,"cataclysm:koboleton_bone":3,"minecraft:purple_carpet":2,"iceandfire:armor_gray_boots":5,"sophisticatedstorage:chest":1,"simplehats:hatbag_uncommon":49,"minecraft:diamond_helmet":4,"simplehats:spyzombie":2,"croptopia:roe":4,"fruitsdelight:orange":5,"simplehats:redstache":1,"patchouli:guide_book":6,"iceandfire:dragonscales_sapphire":46,"croptopia:turmeric":1,"mowziesmobs:earthrend_gauntlet":1,"minecraft:stripped_acacia_wood":8,"minecraft:birch_fence_gate":1,"iceandfire:dragon_skull_fire":34,"minecraft:stripped_spruce_log":59,"iceandfire:stymphalian_bird_feather":98,"croptopia:eggplant_seed":2,"iceandfire:lightning_dragon_heart":9,"neapolitan:strawberries":17,"iceandfire:crackled_stone":32,"croptopia:radish_seed":6,"minecraft:granite":74,"alexsmobs:tarantula_hawk_wing_fragment":2,"tconstruct:blood_slime_grass_seeds":4,"minecraft:golden_horse_armor":1,"minecraft:light_gray_carpet":1,"minecraft:crimson_roots":7,"croptopia:greenonion":4,"iceandfire:raw_silver":1,"minecraft:diamond_pickaxe":2,"iceandfire:dragon_skull_lightning":12,"sophisticatedbackpacks:gold_backpack":2,"minecraft:bee_nest":1,"minecraft:clay_ball":48,"iceandfire:dragonbone_arrow":52,"minecraft:leather_leggings":1,"inka:inca_cloak":1,"tconstruct:materials_and_you":2,"enigmaticlegacy:lore_fragment":4,"tombstone:scroll_of_preservation":1,"simplehats:monkeyking":2,"simplehats:springer":4,"minecraft:flint_and_steel":1,"simplehats:dangereqsue":1,"minecraft:white_carpet":96,"minecraft:iron_shovel":3,"simplehats:baseballhat":4,"simplehats:raincloud":1,"simplehats:dairyqueen":2,"minecraft:netherite_sword":4,"iceandfire:dread_knight_sword":8,"croptopia:pepper_seed":2,"minecraft:jungle_sapling":1,"minecraft:poppy":2,"minecraft:spruce_slab":123,"simplehats:traffic_cone":3,"minecraft:birch_sapling":18,"tconstruct:battlesign":1,"simplehats:orange_hat":5,"aquaculturedelight:rollmops":1,"minecraft:raw_gold_block":7,"simplehats:hatbag_common":50,"farmersdelight:minced_beef":6,"croptopia:blackbean_seed":4,"sophisticatedbackpacks:backpack":10,"farmersdelight:tomato_seeds":2,"iceandfire:deathworm_chitin_white":16,"minecraft:netherite_pickaxe":3,"iceandfire:dragon_skull_ice":15,"minecraft:diamond_chestplate":6,"simplehats:spadesoldier":1,"minecraft:decorated_pot":15,"minecraft:hay_block":60,"minecraft:yellow_terracotta":7,"minecraft:totem_of_undying":1,"sophisticatedbackpacks:copper_backpack":4,"minecraft:mutton":98,"biomesoplenty:orange_sand":113,"simplehats:chalk_stick":2,"minecraft:rail":3,"minecraft:bone_block":10,"minecraft:birch_leaves":1,"simplehats:holyhead":1,"iceandfire:sea_serpent_fang":13,"minecraft:blackstone_slab":2,"ramadandelight:parsley_seeds":11,"croptopia:glowing_calamari":9,"minecraft:lily_pad":2,"croptopia:leek":1,"inventorypets:pet_brewing_stand":1,"slavic_delight:pusher":1,"iceandfire:myrmex_resin_jungle":11,"alexsmobs:mosquito_proboscis":1,"casualness_delight:raw_potato_bobo_chicken":3,"minecraft:apple":30,"croptopia:barley":2,"simplehats:mimic_head":2,"simplehats:rabi_en_rose":1,"minecraft:wild_armor_trim_smithing_template":4,"minecraft:stone_pickaxe":1,"tombstone:bag_of_seeds":8,"croptopia:tomato":2,"relics:infinity_ham":3,"simplehats:dimmahat":1,"tombstone:scroll_of_frost_resistance":1,"croptopia:honeydew":1,"minecraft:dark_oak_stairs":18,"simplehats:questbook":4,"iceandfire:copper_nugget":65,"minecraft:smooth_basalt":1,"minecraft:milk_bucket":1,"iceandfire:sea_serpent_scales_green":28,"minecraft:red_wool":4,"enigmaticlegacy:enigmatic_amulet":1,"tombstone:decorative_grave_simple":1,"cuisinedelight:plate":16,"simplehats:penguinbaby":1,"irons_spellbooks:scroll_forge":1,"iceandfire:dragonbone_axe":1,"casualness_delight:deep_frying_pan":1,"simplehats:lil_bows":1,"minecraft:crying_obsidian":7,"aquaculture:boulti":1,"iceandfire:dragon_flute":2,"croptopia:saguaro":1,"simplehats:binky":2,"minecraft:slime_ball":7,"iceandfire:myrmex_jungle_egg":10,"simplehats:carrotonstick":2,"croptopia:cooking_pot":1,"minecraft:birch_sign":1,"iceandfire:ice_dragon_flesh":38,"simplehats:cat_on_head":1,"croptopia:zucchini":2,"iceandfire:troll_weapon_hammer":1,"minecraft:nether_brick_fence":10,"simplehats:mimic_head_dark":1,"iceandfire:myrmex_jungle_chitin":14,"simplehats:dipper":2,"inventorypets:nugget_lapis":14,"minecraft:stone_brick_stairs":4,"slavic_delight:cucumber_seeds":5,"simplehats:fishonhead":2,"minecraft:lapis_block":1,"rusticdelight:cotton_seeds":5,"minecraft:experience_bottle":65,"alexsmobs:blood_sac":17,"iceandfire:sea_serpent_scales_bronze":20,"biomesoplenty:brimstone":20,"alexsmobs:dropbear_claw":28,"simplehats:lilbow":3,"minecraft:red_sand":3,"minecraft:bucket":4,"delightful:acorn":3,"inventorypets:pet_enchanting_table":1,"minecraft:rose_bush":1,"simplehats:angrymask":1,"minecraft:wooden_shovel":1,"farmersdelight:pasta_with_meatballs":1,"irons_spellbooks:inscription_table":1,"iceandfire:dragonscales_red":153,"minecraft:tipped_arrow":2,"simplehats:bucket":1,"croptopia:rutabaga":4,"ramadandelight:chickpea":4,"simplehats:worms_mine":4,"simplehats:lightning_eyes":1,"croptopia:ginger_seed":1,"iceandfire:rotten_egg":2,"simplehats:bigstevehead":3,"minecraft:diorite":165,"minecraft:rotten_flesh":471,"simplehats:chickenhead":1,"croptopia:squash_seed":2,"simplehats:swimmer":1,"alexsmobs:capsid":10,"alexsmobs:emu_egg":38,"irons_spellbooks:arcane_debris":21,"minecraft:obsidian":24,"simplehats:antlers":1,"minecraft:blaze_powder":2,"minecraft:cobblestone":1982,"minecraft:enchanting_table":1,"minecraft:leather_chestplate":1,"farmersdelight:smoked_ham":2,"minecraft:andesite":94,"biomesoplenty:glowshroom":1,"minecraft:potato":612,"simplehats:tophat":1,"croptopia:spinach":1,"simplehats:simsgem":2,"create:raw_zinc":20,"minecraft:prismarine_bricks":15,"minecraft:dirt":1227,"iceandfire:dragonscales_bronze":42,"simplehats:demonhorns":3,"minecraft:name_tag":1,"minecraft:bone":1062,"minecraft:acacia_planks":1,"simplehats:cyclopseye":1,"iceandfire:myrmex_jungle_resin":3,"minecraft:bow":9,"minecraft:wheat_seeds":139,"minecraft:grindstone":1,"minecraft:mossy_stone_bricks":2,"minecraft:bamboo":1,"minecraft:prismarine":1,"simplehats:rgbeasterhead":1,"biomesoplenty:toadstool":7,"simplehats:grandmadisguise":1,"simplehats:mindflayer":1,"croptopia:rice":2,"croptopia:blackberry":2,"vintagedelight:cucumber":2,"minecraft:melon":82,"minecraft:grass_block":691,"farmersdelight:ham":6,"minecraft:spectral_arrow":11,"iceandfire:pixie_wings":1,"minecraft:mossy_cobblestone":6,"iceandfire:dragonegg_red":2,"irons_spellbooks:blaze_spell_book":2,"minecraft:light_gray_terracotta":2,"fruitsdelight:hamimelon_seeds":6,"croptopia:hops_seed":2,"waystones:waystone":1,"simplehats:policebucket":1,"minecraft:cracked_polished_blackstone_bricks":13,"alexsmobs:rattlesnake_rattle":2,"minecraft:crossbow":7,"minecraft:bone_meal":2,"minecraft:golden_apple":1,"simplehats:bluefireeye":1,"minecraft:emerald":48,"alexsmobs:banana_slug_slime":3,"minecraft:netherrack":3238,"iceandfire:silver_nugget":64,"vintagedelight:oat":5,"minecraft:oak_leaves":46,"simplehats:apple":4,"veggiesdelight:cauliflower_seeds":4,"minecraft:azure_bluet":1,"simplehats:crabonhead":1,"minecraft:splash_potion":7,"minecraft:ladder":17,"simplehats:bigribbon":1,"minecraft:brown_mushroom":11,"ars_nouveau:blue_archwood_sapling":1,"iceandfire:frozen_cobblestone":2,"minecraft:chain":4,"mowziesmobs:bluff_rod":1,"minecraft:brick":6,"minecraft:shield":5,"minecraft:moss_carpet":2,"iceandfire:frozen_stone":4,"artifacts:feral_claws":1,"minecraft:blackstone":183,"rusticdelight:calamari":23,"minecraft:blue_orchid":1,"alexsmobs:elastic_tendon":19,"simplehats:snowmanbaby":1,"biomesoplenty:wildflower":30,"sophisticatedstorage:iron_chest":2,"iceandfire:ice_dragon_heart":5,"iceandfire:dragonscales_gray":171,"iceandfire:deathworm_chitin_red":13,"minecraft:polished_blackstone_bricks":83,"inventorypets:pet_nether_portal":1,"simplehats:bigcrown":1,"tombstone:scroll_of_purification":2,"croptopia:cantaloupe_seed":1,"minecraft:weeping_vines":5,"minecraft:pumpkin_pie":7,"minecraft:nether_bricks":19,"biomesoplenty:orange_sandstone":70,"crittersandcompanions:silk":27,"mowziesmobs:ice_crystal":1,"artifacts:cross_necklace":1,"minecraft:black_banner":1,"minecraft:skeleton_skull":2,"minecraft:netherite_boots":6,"minecraft:basalt":71,"minecraft:golden_carrot":68,"simplehats:poofballhat":4,"minecraft:leather":78,"simplehats:astronaut":1,"minecraft:ice":4,"inventorypets:nugget_obsidian":5,"croptopia:basil_seed":1,"minecraft:chainmail_chestplate":7,"iceandfire:dread_stone_bricks_cracked":13,"minecraft:gunpowder":60,"simplehats:moreeyes":1,"neapolitan:vanilla_pods":4,"iceandfire:deathworm_tounge":1,"minecraft:orange_terracotta":25,"iceandfire:tide_green_chestplate":3,"minecraft:cooked_mutton":1,"minecraft:red_carpet":286,"minecraft:gray_carpet":3,"tombstone:receptacle_of_familiar":2,"minecraft:rabbit_hide":20,"minecraft:iron_ingot":93,"croptopia:raspberry":1,"simplehats:baseballhatrgb":2,"minecraft:cooked_chicken":5,"simplehats:tanuki_leaf":2,"inka:capac_armor_helmet":4,"irons_spellbooks:cinder_essence":59,"iceandfire:fire_dragon_flesh":152,"iceandfire:crackled_cobblestone":28,"simplehats:villagernose":2,"iceandfire:dragonegg_black":1,"minecraft:warped_fungus":1,"croptopia:cauliflower_seed":5,"minecraft:emerald_block":16,"minecraft:stone_brick_slab":38,"iceandfire:ash":127,"minecraft:dandelion":1,"aquaculture:piranha":28,"simplehats:doubletake":1,"minecraft:amethyst_shard":6,"simplehats:longfoxears":3,"artifacts:scarf_of_invisibility":1,"simplehats:halo":1,"fantasyfurniture:nordic/painting_wide":1,"casualness_delight:potato_chip":3,"minecraft:pumpkin_seeds":49,"enigmaticlegacy:cursed_ring":1,"minecraft:chainmail_leggings":6,"sophisticatedstorage:diamond_chest":2,"minecraft:terracotta":9,"minecraft:damaged_anvil":2,"inventorypets:nugget_diamond":2,"simplehats:paperbag":6,"fruitsdelight:mango":1,"iceandfire:dread_stone_bricks":2,"minecraft:chainmail_boots":6,"minecraft:flower_pot":4,"minecraft:anvil":2,"minecraft:prismarine_shard":25,"croptopia:tomatillo_seed":2,"simplehats:popehat":1,"simplehats:greaser":3,"minecraft:diamond_sword":11,"minecraft:oak_stairs":2,"artifacts:chorus_totem":1,"biomesoplenty:violet":22,"croptopia:cabbage_seed":1,"croptopia:calamari":13,"alexsmobs:bone_serpent_tooth":5,"lendersdelight:koboleton_meat":2,"minecraft:brewing_stand":1,"simplehats:clockface":2,"minecraft:golden_sword":1,"minecraft:amethyst_block":3,"iceandfire:manuscript":41,"minecraft:soul_soil":9,"enigmaticlegacy:thicc_scroll":4,"minecraft:beetroot":20,"simplehats:topcathat":2,"simplehats:rabbitonhead":2,"simplehats:sombrero":1,"minecraft:gold_nugget":317,"minecraft:cobbled_deepslate":1109,"bosses_of_mass_destruction:soul_star":31,"minecraft:spruce_planks":43,"simplehats:shrekears":2,"mowziesdelight:edible_iron_piece":2,"irons_spellbooks:blank_rune":9,"minecraft:melon_slice":150,"minecraft:dark_oak_door":5,"simplehats:madscientist":1,"simplehats:druid_antlers_rare":1,"aquaculture:tambaqui":1,"croptopia:barley_seed":1,"minecraft:bamboo_slab":2,"rusticdelight:cooking_oil":6,"iceandfire:dread_torch":1,"iceandfire:myrmex_resin_sticky_jungle":5,"croptopia:almond":1,"iceandfire:lightning_dragon_flesh":87,"enigmaticlegacy:withered_tome":21,"irons_spellbooks:fire_rune":3,"tconstruct:scorched_lantern":4,"alexsmobs:centipede_leg":2,"simplehats:megamanhat":1,"inka:cut_gold_block":7,"artifacts:lucky_scarf":1,"minecraft:light_gray_bed":1,"simplehats:crown":1,"biomesoplenty:rose_quartz_chunk":20,"minecraft:tropical_fish":2,"croptopia:cranberry_seed":3,"iceandfire:deathworm_chitin_yellow":2,"croptopia:raspberry_seed":2,"iceandfire:fire_dragon_heart":22,"simplehats:scouter":3,"delightful:cantaloupe_seeds":1,"simplehats:rgbtoptophathat":1,"inka:cuy_item":1,"minecraft:birch_log":7,"minecraft:magma_block":24,"minecraft:birch_slab":2,"minecraft:jungle_log":132,"minecraft:jungle_wood":14,"simplehats:circular_glasses":1,"biomesoplenty:fir_log":5,"farmersdelight:bacon":9,"inka:chiseled_cut_gold_block":3,"simplehats:caterpillar_on_head":1,"culturaldelights:eggplant_seeds":1,"brewinandchewin:pizza":1,"croptopia:celery":7,"minecraft:mangrove_slab":2,"croptopia:kiwi_seed":3,"iceandfire:ice_dragon_blood":1,"croptopia:guide":1,"biomesoplenty:tiny_cactus":57,"iceandfire:dragon_meal":2,"minecraft:glowstone_dust":139,"minecraft:pitcher_pod":1,"nightlights:hanging_lights_default":2,"simplehats:alien_antennae":3,"simplehats:sheep":1,"croptopia:celery_seed":4,"iceandfire:shiny_scales":14,"minecraft:ink_sac":68,"minecraft:dark_oak_log":46,"iceandfire:myrmex_stinger":1,"croptopia:spinach_seed":3,"iceandfire:chared_cobblestone":28,"minecraft:bundle":14,"irons_spellbooks:ice_rune":4,"simplehats:cartoonegg":3,"artifacts:crystal_heart":1,"iceandfire:troll_weapon_axe":1,"iceandfire:dragonbone_bow":1,"minecraft:bread":2,"minecraft:chainmail_helmet":3,"alexsmobs:maggot":5,"culturaldelights:raw_calamari":98,"simplehats:rgbfullhelm":1,"minecraft:crafting_table":37,"iceandfire:witherbone":56,"minecraft:nether_wart":64,"irons_spellbooks:tarnished_helmet":5,"croptopia:onion":3,"simplehats:udder_hat":1,"croptopia:saguaro_seed":1,"minecraft:red_bed":21,"minecraft:snow":11,"minecraft:netherite_scrap":18,"inventorypets:pet_biome":1,"minecraft:cracked_stone_bricks":7,"iceandfire:hydra_fang":20,"minecraft:beef":78,"iceandfire:dread_shard":340,"minecraft:iron_nugget":528,"iceandfire:dragonscales_electric":278,"simplehats:vikinghatbeard":3,"minecraft:chest":31,"minecraft:egg":6,"minecraft:sandstone":98,"minecraft:spruce_fence":4,"ramadandelight:parsley":4,"minecraft:carrot":429,"minecraft:redstone":76,"minecraft:prismarine_crystals":15,"minecraft:blue_carpet":2,"irons_spellbooks:alchemist_cauldron":6,"vintagedelight:cucumber_seeds":45,"minecraft:tnt":2,"simplehats:horsemask":1,"inventorypets:nugget_ender":5,"simplehats:burgerhat":1,"minecraft:cooked_cod":4,"croptopia:strawberry_seed":3,"minecraft:beetroot_seeds":64,"culturaldelights:squid":54,"simplehats:eevee_ears":3,"minecraft:gold_ingot":89,"tombstone:essence_of_undeath":11,"simplehats:cowboy":3,"simplehats:eyepatch":1,"minecraft:white_wool":25,"minecraft:bamboo_stairs":1,"simplehats:floatinghearts":1,"simplehats:hat_of_discipline":1,"vintagedelight:ghost_pepper":5,"minecraft:red_mushroom":5,"minecraft:oak_log":64,"minecraft:ancient_debris":16,"iceandfire:dragonscales_blue":87,"minecraft:white_banner":9,"simplehats:eyeholder_warm":1,"inka:coca":14,"croptopia:rice_seed":4,"simplehats:doctorhat":2,"croptopia:olive":2,"neapolitan:adzuki_beans":8,"minecraft:stone_bricks":27,"mowziesmobs:umvuthana_mask_rage":1,"simplehats:dragonhead":3,"iceandfire:dread_stone_stairs":2,"minecraft:glass_bottle":127,"croptopia:elderberry_seed":2,"iceandfire:chared_stone":13,"minecraft:dark_oak_slab":8,"minecraft:gravel":205,"minecraft:birch_stairs":1,"simplehats:cheeseslice":1,"refurbished_furniture:workbench":1,"minecraft:spruce_sapling":42,"croptopia:tea_seed":5,"minecraft:spruce_log":42,"fruitsdelight:pear":3,"croptopia:turnip":1,"iceandfire:dragonscales_copper":96,"simplehats:jesterhat":1,"minecraft:stone_axe":3,"simplehats:thumbnail":1,"minecraft:diamond_axe":1,"iceandfire:dragonforge_ice_input":2,"minecraft:gray_wool":4,"minecraft:melon_seeds":1,"minecraft:stripped_dark_oak_log":49,"minecraft:mangrove_propagule":2,"minecraft:ender_pearl":15,"simplehats:fro":1,"irons_spellbooks:scroll":83,"iceandfire:deathworm_egg":3,"simplehats:chefshat":1,"minecraft:wheat":196,"aquaculture:synodontis":2,"simplehats:hatbag_rare":29,"iceandfire:dragonforge_lightning_brick":5,"simplehats:eyeholder_xanath":1,"minecraft:potion":12,"minecraft:nether_brick":15,"enigmaticlegacy:enigmatic_eye":1,"iceandfire:armor_gray_leggings":6,"minecraft:raw_copper":312,"croptopia:cantaloupe":1,"irons_spellbooks:nature_rune":3,"minecraft:smooth_stone_slab":2,"minecraft:iron_leggings":2,"simplehats:fez":1,"irons_spellbooks:arcane_essence":357,"minecraft:deepslate_tiles":4,"minecraft:redstone_torch":4,"tombstone:grave_plate":2,"farmersdelight:cabbage_seeds":9,"minecraft:iron_boots":2,"minecraft:furnace":24,"iceandfire:pixie_dust":12,"minecraft:stick":25,"mowziesmobs:sol_visage":1,"fruitsdelight:kiwi":3,"minecraft:brown_terracotta":16,"minecraft:oak_fence":9,"minecraft:torch":95,"croptopia:blackberry_seed":6,"croptopia:honeydew_seed":1,"iceandfire:dragonscales_white":375,"iceandfire:dread_sword":5,"minecraft:pointed_dripstone":3,"minecraft:porkchop":99,"croptopia:olive_seed":3,"vintagedelight:salt_dust":8,"fruitsdelight:lemon":5,"simplehats:druid_antlers":6,"simplehats:ushanka":1,"tombstone:grave_dust":218,"minecraft:light_gray_banner":1,"slavic_delight:mashed_potatoes":1,"inka:zamponia":2,"simplehats:supersandhat":2,"alexsdelight:raw_bison":11,"simplehats:caddycap":1,"minecraft:cod":7,"simplehats:frozenhead":3,"simplehats:sunglassesbig":1,"minecraft:magma_cream":1,"delightfulburgers:basic_burger":1,"alexsmobs:bear_fur":4,"nightlights:fairy_lights_default":8,"minecraft:tuff":117,"simplehats:kirbymouthful":1,"minecraft:wither_skeleton_skull":21,"minecraft:lapis_lazuli":454,"simplehats:sleepeyemask":2,"spanishdelight:green_pepper":22,"casualness_delight:potato_slice":3,"simplehats:drinkinhat":1,"culturaldelights:glow_squid":11,"irons_spellbooks:hogskin":18,"simplehats:artsy":1,"simplehats:elfhat":1,"simplehats:toptophathat":1,"minecraft:powered_rail":2,"croptopia:kale_seed":3,"brewinandchewin:pizza_slice":2,"minecraft:oak_planks":93,"iceandfire:dragonforge_fire_brick":4,"minecraft:ghast_tear":21,"tconstruct:necrotic_bone":218,"inka:tumi":6,"lendersdelight:raw_deepling_meat":1,"irons_spellbooks:frozen_bone":7,"minecraft:cooked_porkchop":34,"artifacts:rooted_boots":1,"minecraft:sand":338,"minecraft:jungle_planks":9,"simplehats:ranahat":2,"bettertridents:trident_fragment":2,"minecraft:dark_prismarine":14,"iceandfire:dragon_bone_block":20,"inka:gold_face":1,"artifacts:plastic_drinking_hat":1,"inka:tocosh":3,"simplehats:cardboard_box":1,"simplehats:foxhat":1,"minecraft:diamond":153,"irons_spellbooks:divine_pearl":10,"fruitsdelight:peach":18,"iceandfire:dragonbone_sword_fire":1,"iceandfire:dread_stone_bricks_mossy":2,"aquaculture:bayad":1,"croptopia:pineapple_seed":2,"croptopia:onion_seed":2,"cataclysm:ancient_metal_nugget":6,"biomesoplenty:pink_daffodil":6,"minecraft:oak_sapling":17,"irons_spellbooks:uncommon_ink":8,"minecraft:lingering_potion":5,"minecraft:cocoa_beans":9,"minecraft:allium":6,"minecraft:chicken":39,"simplehats:rgbushanka":1,"simplehats:ladybug_on_head":1,"minecraft:gold_block":145,"tconstruct:earth_slime_crystal":4,"fruitsdelight:lychee":1,"minecraft:iron_axe":3,"minecraft:item_frame":2,"irons_spellbooks:conjurers_talisman":3,"croptopia:tomatillo":1,"minecraft:dark_prismarine_stairs":1,"croptopia:tomato_seed":2,"minecraft:oak_boat":1,"minecraft:player_head":3,"irons_spellbooks:epic_ink":4,"fruitsdelight:fig":5,"minecraft:light_gray_wool":17,"irons_spellbooks:lightning_bottle":4,"minecraft:sugar_cane":190,"tombstone:tablet_of_assistance":3,"crittersandcompanions:clam":1,"minecraft:phantom_membrane":9,"tconstruct:raw_cobalt":20,"minecraft:dark_oak_sapling":10,"minecraft:raw_iron":205,"minecraft:stripped_mangrove_wood":1,"iceandfire:dragonbone":487,"iceandfire:dragonscales_green":36,"minecraft:copper_ingot":43,"tombstone:readable_scroll":8,"simplehats:cowboyrgb":3,"croptopia:knife":1,"simplehats:artsy_doll":1,"minecraft:friend_pottery_sherd":4,"croptopia:strawberry":3,"minecraft:iron_horse_armor":1,"simplehats:right_hand_hat":1,"oceanic_delight:ancient_fish_eggs":7,"minecraft:dark_oak_planks":62,"croptopia:grape":4,"minecraft:arrow":270,"iceandfire:cyclops_eye":1,"artifacts:cowboy_hat":1,"simplehats:winghat":1,"simplehats:largehorns":1,"minecraft:saddle":2,"minecraft:wet_sponge":2,"iceandfire:dragonegg_green":1,"minecraft:air":0,"artifacts:digging_claws":1,"minecraft:crimson_stem":4,"minecraft:salmon":15,"croptopia:greenonion_seed":5,"minecraft:birch_planks":29,"croptopia:tea_leaves":3,"iceandfire:ectoplasm":3,"iceandfire:hydra_heart":2,"tconstruct:swasher":1,"artifacts:cloud_in_a_bottle":1,"minecraft:cobblestone_stairs":2,"tombstone:decorative_grave_cross":2,"iceandfire:stymphalian_skull":2,"irons_spellbooks:rare_ink":9,"irons_spellbooks:common_ink":24,"simplehats:pom_moog":1,"iceandfire:dragon_stick":2,"croptopia:pineapple":1,"iceandfire:sea_serpent_scales_deepblue":31,"mowziesmobs:umvuthana_mask_misery":2,"minecraft:soul_sand":10,"festive_delight:rolling_pin":2,"collectorsreap:pomegranate_seeds":26,"sophisticatedbackpacks:diamond_backpack":1,"minecraft:book":505,"simplehats:tinkerhat":1,"spanishdelight:garlic":189,"minecraft:pumpkin":67,"ars_elemental:ritual_detection":2,"croptopia:hops":1,"simplehats:dorkglassesandteeth":2,"mowziesmobs:wrought_helmet":1,"croptopia:turmeric_seed":2,"minecraft:dark_oak_fence_gate":1,"minecraft:green_carpet":1,"minecraft:spider_eye":123,"rusticdelight:cotton_boll":1,"tombstone:ritual_flute":3,"minecraft:stripped_jungle_log":1,"minecraft:campfire":5,"minecraft:iron_helmet":1,"tombstone:magic_scroll":30,"minecraft:coal":378}},"DataVersion":3465}